ID,Genus,Division,Percent,Adjusted,log.per,sqrt.per,N15,Adjusted,sqrt.n15,log.n15,Exact_Depth,Depth,Zone,Location,Region
NWHI-341,Microdictyon ,Chlorophyta,0.8,0.008,-2.096910013,0.089442719,0.6,3.1,1.760681686,0.491361694,82,81-90,Mesophotic,FFS,NWHI
NWHI-329,Microdictyon ,Chlorophyta,0.9,0.009,-2.045757491,0.09486833,-0.6,1.9,1.378404875,0.278753601,61,61-70,Mesophotic,FFS,NWHI
NWHI-655a,Microdictyon ,Chlorophyta,1.1,0.011,-1.958607315,0.104880885,-0.3,2.2,1.483239697,0.342422681,64,61-70,Mesophotic,FFS,NWHI
NWHI-655c,Microdictyon ,Chlorophyta,1.2,0.012,-1.920818754,0.109544512,0.3,2.8,1.673320053,0.447158031,64,61-70,Mesophotic,FFS,NWHI
NWHI-655b,Microdictyon ,Chlorophyta,1.2,0.012,-1.920818754,0.109544512,2.5,5,2.236067977,0.698970004,64,61-70,Mesophotic,FFS,NWHI
NWHI-609b,Microdictyon ,Chlorophyta,1,0.01,-2,0.1,1.5,4,2,0.602059991,11,20-Nov,Shallow,FFS,NWHI
NWHI-609a,Microdictyon ,Chlorophyta,1.2,0.012,-1.920818754,0.109544512,-0.2,2.3,1.516575089,0.361727836,11,20-Nov,Shallow,FFS,NWHI
NWHI-609c,Microdictyon ,Chlorophyta,1.2,0.012,-1.920818754,0.109544512,2.7,5.2,2.28035085,0.716003344,11,20-Nov,Shallow,FFS,NWHI
NWHI-384,Microdictyon ,Chlorophyta,1,0.01,-2,0.1,3,5.5,2.34520788,0.740362689,57,51-60,Mesophotic,Kure,NWHI
NWHI-448,Microdictyon ,Chlorophyta,3,0.03,-1.522878745,0.173205081,4.1,6.6,2.569046516,0.819543936,88,81-90,Mesophotic,Kure,NWHI
NWHI-202-1,Microdictyon ,Chlorophyta,0.8,0.008,-2.096910013,0.089442719,1.5,4,2,0.602059991,58,51-60,Mesophotic,Laysan,NWHI
NWHI-273,Microdictyon ,Chlorophyta,0.7,0.007,-2.15490196,0.083666003,1.5,4,2,0.602059991,64,61-70,Mesophotic,Lisianski,NWHI
NWHI-848a,Microdictyon ,Chlorophyta,1.1,0.011,-1.958607315,0.104880885,1.8,4.3,2.073644135,0.633468456,55,51-60,Mesophotic,Lisianski,NWHI
NWHI-848c,Microdictyon ,Chlorophyta,1.1,0.011,-1.958607315,0.104880885,2.4,4.9,2.213594362,0.69019608,55,51-60,Mesophotic,Lisianski,NWHI
NWHI-848b,Microdictyon ,Chlorophyta,1.1,0.011,-1.958607315,0.104880885,5.2,7.7,2.774887385,0.886490725,55,51-60,Mesophotic,Lisianski,NWHI
NWHI-100,Microdictyon ,Chlorophyta,1.2,0.012,-1.920818754,0.109544512,2.7,5.2,2.28035085,0.716003344,55,51-60,Mesophotic,Lisianski,NWHI
NWHI-752c,Microdictyon ,Chlorophyta,1,0.01,-2,0.1,2.8,5.3,2.302172887,0.72427587,11,20-Nov,Shallow,Lisianski,NWHI
NWHI-752a,Microdictyon ,Chlorophyta,1,0.01,-2,0.1,3,5.5,2.34520788,0.740362689,11,20-Nov,Shallow,Lisianski,NWHI
NWHI-752b,Microdictyon ,Chlorophyta,1.1,0.011,-1.958607315,0.104880885,2,4.5,2.121320344,0.653212514,11,20-Nov,Shallow,Lisianski,NWHI
NWHI-92,Microdictyon ,Chlorophyta,1.4,0.014,-1.853871964,0.118321596,2.4,4.9,2.213594362,0.69019608,55,51-60,Mesophotic,Midway,NWHI
NWHI-379,Microdictyon ,Chlorophyta,1,0.01,-2,0.1,3.3,5.8,2.408318916,0.763427994,70,61-70,Mesophotic,Pearl & Hermes,NWHI
NWHI-373,Microdictyon ,Chlorophyta,1.1,0.011,-1.958607315,0.104880885,2.6,5.1,2.258317958,0.707570176,63,61-70,Mesophotic,Pearl & Hermes,NWHI
NWHI-80,Microdictyon ,Chlorophyta,1.1,0.011,-1.958607315,0.104880885,2.7,5.2,2.28035085,0.716003344,58,51-60,Mesophotic,Pearl & Hermes,NWHI
NWHI-974a,Microdictyon ,Chlorophyta,0.9,0.009,-2.045757491,0.09486833,1.2,3.7,1.923538406,0.568201724,15,20-Nov,Shallow,Pearl & Hermes,NWHI
NWHI-974b,Microdictyon ,Chlorophyta,0.9,0.009,-2.045757491,0.09486833,1.2,3.7,1.923538406,0.568201724,15,20-Nov,Shallow,Pearl & Hermes,NWHI
NWHI-974c,Microdictyon ,Chlorophyta,0.9,0.009,-2.045757491,0.09486833,1.4,3.9,1.974841766,0.591064607,15,20-Nov,Shallow,Pearl & Hermes,NWHI
NWHI-1069b,Microdictyon ,Chlorophyta,1,0.01,-2,0.1,0.8,3.3,1.816590212,0.51851394,20,20-Nov,Shallow,Pearl & Hermes,NWHI
NWHI-1069a,Microdictyon ,Chlorophyta,1.1,0.011,-1.958607315,0.104880885,1,3.5,1.870828693,0.544068044,20,20-Nov,Shallow,Pearl & Hermes,NWHI
NWHI-1069c,Microdictyon ,Chlorophyta,1.2,0.012,-1.920818754,0.109544512,1.5,4,2,0.602059991,20,20-Nov,Shallow,Pearl & Hermes,NWHI
NWHI-1073a,Microdictyon ,Chlorophyta,1.9,0.019,-1.721246399,0.137840488,2.5,5,2.236067977,0.698970004,25,21-30,Shallow,Pearl & Hermes,NWHI
NWHI-1073b,Microdictyon ,Chlorophyta,2,0.02,-1.698970004,0.141421356,2.2,4.7,2.167948339,0.672097858,25,21-30,Shallow,Pearl & Hermes,NWHI
NWHI-1073c,Microdictyon ,Chlorophyta,2,0.02,-1.698970004,0.141421356,2.2,4.7,2.167948339,0.672097858,25,21-30,Shallow,Pearl & Hermes,NWHI
NWHI-359,Microdictyon ,Chlorophyta,0.8,0.008,-2.096910013,0.089442719,2.4,4.9,2.213594362,0.69019608,88,81-90,Mesophotic,Pioneer,NWHI
NWHI-355,Microdictyon ,Chlorophyta,0.9,0.009,-2.045757491,0.09486833,0.8,3.3,1.816590212,0.51851394,84,81-90,Mesophotic,Pioneer,NWHI
NWHI-467,Microdictyon ,Chlorophyta,1,0.01,-2,0.1,2.6,5.1,2.258317958,0.707570176,54,51-60,Mesophotic,Pioneer,NWHI
NWHI-430,Microdictyon ,Chlorophyta,1.4,0.014,-1.853871964,0.118321596,4.5,7,2.645751311,0.84509804,91,91-100,Mesophotic,Salmon,NWHI
NWHI-68,Halimeda ,Chlorophyta,0.2,0.002,-2.698970004,0.04472136,2.1,4.6,2.144761059,0.662757832,61,61-70,Mesophotic,FFS,NWHI
NWHI-621c,Halimeda ,Chlorophyta,0.6,0.006,-2.22184875,0.077459667,0.8,3.3,1.816590212,0.51851394,68,61-70,Mesophotic,FFS,NWHI
NWHI-621a,Halimeda ,Chlorophyta,0.8,0.008,-2.096910013,0.089442719,0.3,2.8,1.673320053,0.447158031,68,61-70,Mesophotic,FFS,NWHI
NWHI-621b,Halimeda ,Chlorophyta,1,0.01,-2,0.1,1.6,4.1,2.024845673,0.612783857,68,61-70,Mesophotic,FFS,NWHI
NWHI-215-1,Halimeda ,Chlorophyta,1,0.01,-2,0.1,3.6,6.1,2.469817807,0.785329835,67,61-70,Mesophotic,FFS,NWHI
NWHI-186-1,Halimeda ,Chlorophyta,1.4,0.014,-1.853871964,0.118321596,2.8,5.3,2.302172887,0.72427587,55,51-60,Mesophotic,FFS,NWHI
NWHI-641a,Halimeda ,Chlorophyta,0.6,0.006,-2.22184875,0.077459667,2.4,4.9,2.213594362,0.69019608,14,20-Nov,Shallow,FFS,NWHI
NWHI-641c,Halimeda ,Chlorophyta,0.6,0.006,-2.22184875,0.077459667,2.7,5.2,2.28035085,0.716003344,14,20-Nov,Shallow,FFS,NWHI
NWHI-641b,Halimeda ,Chlorophyta,0.8,0.008,-2.096910013,0.089442719,2.4,4.9,2.213594362,0.69019608,14,20-Nov,Shallow,FFS,NWHI
NWHI-612a,Halimeda ,Chlorophyta,0.8,0.008,-2.096910013,0.089442719,2.8,5.3,2.302172887,0.72427587,10,10-Jan,Shallow,FFS,NWHI
NWHI-612b,Halimeda ,Chlorophyta,0.9,0.009,-2.045757491,0.09486833,3,5.5,2.34520788,0.740362689,10,10-Jan,Shallow,FFS,NWHI
NWHI-612c,Halimeda ,Chlorophyta,1.2,0.012,-1.920818754,0.109544512,2.4,4.9,2.213594362,0.69019608,10,10-Jan,Shallow,FFS,NWHI
NWHI-642a,Halimeda ,Chlorophyta,1.7,0.017,-1.769551079,0.130384048,2.2,4.7,2.167948339,0.672097858,14,20-Nov,Shallow,FFS,NWHI
NWHI-642c,Halimeda ,Chlorophyta,1.8,0.018,-1.744727495,0.134164079,2.8,5.3,2.302172887,0.72427587,14,20-Nov,Shallow,FFS,NWHI
NWHI-608a,Halimeda ,Chlorophyta,2.2,0.022,-1.657577319,0.14832397,2.5,5,2.236067977,0.698970004,11,20-Nov,Shallow,FFS,NWHI
NWHI-608c,Halimeda ,Chlorophyta,2.3,0.023,-1.638272164,0.151657509,0.9,3.4,1.843908891,0.531478917,11,20-Nov,Shallow,FFS,NWHI
NWHI-642b,Halimeda ,Chlorophyta,2.3,0.023,-1.638272164,0.151657509,2.9,5.4,2.323790008,0.73239376,14,20-Nov,Shallow,FFS,NWHI
NWHI-608b,Halimeda ,Chlorophyta,2.4,0.024,-1.619788758,0.154919334,1.5,4,2,0.602059991,11,20-Nov,Shallow,FFS,NWHI
NWHI-446,Halimeda ,Chlorophyta,1.5,0.015,-1.823908741,0.122474487,4.5,7,2.645751311,0.84509804,88,81-90,Mesophotic,Kure,NWHI
NWHI-212-1,Halimeda ,Chlorophyta,0.3,0.003,-2.522878745,0.054772256,1.1,3.6,1.897366596,0.556302501,61,61-70,Mesophotic,Laysan,NWHI
NWHI-209-1,Halimeda ,Chlorophyta,1.1,0.011,-1.958607315,0.104880885,3.4,5.9,2.42899156,0.770852012,61,61-70,Mesophotic,Laysan,NWHI
NWHI-205-1,Halimeda ,Chlorophyta,1.2,0.012,-1.920818754,0.109544512,2.6,5.1,2.258317958,0.707570176,61,61-70,Mesophotic,Laysan,NWHI
NWHI-843b,Halimeda ,Chlorophyta,1.4,0.014,-1.853871964,0.118321596,2.3,4.8,2.19089023,0.681241237,55,51-60,Mesophotic,Lisianski,NWHI
NWHI-247,Halimeda ,Chlorophyta,1.4,0.014,-1.853871964,0.118321596,2.5,5,2.236067977,0.698970004,59,51-60,Mesophotic,Lisianski,NWHI
NWHI-843a,Halimeda ,Chlorophyta,1.7,0.017,-1.769551079,0.130384048,2.7,5.2,2.28035085,0.716003344,55,51-60,Mesophotic,Lisianski,NWHI
NWHI-843c,Halimeda ,Chlorophyta,1.8,0.018,-1.744727495,0.134164079,2.5,5,2.236067977,0.698970004,55,51-60,Mesophotic,Lisianski,NWHI
NWHI-102,Halimeda ,Chlorophyta,2.3,0.023,-1.638272164,0.151657509,4.4,6.9,2.626785107,0.838849091,64,61-70,Mesophotic,Lisianski,NWHI
NWHI-712b,Halimeda ,Chlorophyta,0.4,0.004,-2.397940009,0.063245553,6.2,8.7,2.949576241,0.939519253,5,10-Jan,Shallow,Lisianski,NWHI
NWHI-712c,Halimeda ,Chlorophyta,0.5,0.005,-2.301029996,0.070710678,5.9,8.4,2.898275349,0.924279286,5,10-Jan,Shallow,Lisianski,NWHI
NWHI-753a,Halimeda ,Chlorophyta,0.6,0.006,-2.22184875,0.077459667,2.6,5.1,2.258317958,0.707570176,11,20-Nov,Shallow,Lisianski,NWHI
NWHI-712a,Halimeda ,Chlorophyta,0.7,0.007,-2.15490196,0.083666003,5.7,8.2,2.863564213,0.913813852,5,10-Jan,Shallow,Lisianski,NWHI
NWHI-753c,Halimeda ,Chlorophyta,0.8,0.008,-2.096910013,0.089442719,1.9,4.4,2.097617696,0.643452676,11,20-Nov,Shallow,Lisianski,NWHI
NWHI-753b,Halimeda ,Chlorophyta,0.9,0.009,-2.045757491,0.09486833,2.3,4.8,2.19089023,0.681241237,11,20-Nov,Shallow,Lisianski,NWHI
P5-734 20,Halimeda ,Chlorophyta,0.2,0.002,-2.698970004,0.04472136,1.9,4.4,2.097617696,0.643452676,92,91-100,Mesophotic,Maui,MHI
P4-232 3A,Halimeda ,Chlorophyta,0.2,0.002,-2.698970004,0.04472136,2,4.5,2.121320344,0.653212514,102,101-110,Mesophotic,Maui,MHI
P4-233-5,Halimeda ,Chlorophyta,0.2,0.002,-2.698970004,0.04472136,2.3,4.8,2.19089023,0.681241237,85,81-90,Mesophotic,Maui,MHI
P4-232 3B,Halimeda ,Chlorophyta,0.2,0.002,-2.698970004,0.04472136,2.6,5.1,2.258317958,0.707570176,102,101-110,Mesophotic,Maui,MHI
P4-232 4D,Halimeda ,Chlorophyta,0.2,0.002,-2.698970004,0.04472136,2.9,5.4,2.323790008,0.73239376,102,101-110,Mesophotic,Maui,MHI
P4-232 4C,Halimeda ,Chlorophyta,0.2,0.002,-2.698970004,0.04472136,3.2,5.7,2.387467277,0.755874856,102,101-110,Mesophotic,Maui,MHI
P4-232 3F,Halimeda ,Chlorophyta,0.3,0.003,-2.522878745,0.054772256,2.1,4.6,2.144761059,0.662757832,102,101-110,Mesophotic,Maui,MHI
P4-233-4C,Halimeda ,Chlorophyta,0.3,0.003,-2.522878745,0.054772256,2.8,5.3,2.302172887,0.72427587,85,81-90,Mesophotic,Maui,MHI
P5-738 109,Halimeda ,Chlorophyta,0.4,0.004,-2.397940009,0.063245553,1.8,4.3,2.073644135,0.633468456,117,111-120,Mesophotic,Maui,MHI
P5-736 67,Halimeda ,Chlorophyta,0.6,0.006,-2.22184875,0.077459667,1.9,4.4,2.097617696,0.643452676,104,101-110,Mesophotic,Maui,MHI
P5-736 79,Halimeda ,Chlorophyta,0.6,0.006,-2.22184875,0.077459667,2.7,5.2,2.28035085,0.716003344,104,101-110,Mesophotic,Maui,MHI
P5-734 9,Halimeda ,Chlorophyta,0.7,0.007,-2.15490196,0.083666003,2.2,4.7,2.167948339,0.672097858,90,81-90,Mesophotic,Maui,MHI
P5-734 6,Halimeda ,Chlorophyta,0.8,0.008,-2.096910013,0.089442719,2.2,4.7,2.167948339,0.672097858,92,91-100,Mesophotic,Maui,MHI
P5-738 111,Halimeda ,Chlorophyta,0.9,0.009,-2.045757491,0.09486833,1,3.5,1.870828693,0.544068044,109,101-110,Mesophotic,Maui,MHI
P5-734 30,Halimeda ,Chlorophyta,0.9,0.009,-2.045757491,0.09486833,1.3,3.8,1.949358869,0.579783597,92,91-100,Mesophotic,Maui,MHI
P4-233-1B,Halimeda ,Chlorophyta,1,0.01,-2,0.1,1.7,4.2,2.049390153,0.62324929,77,71-80,Mesophotic,Maui,MHI
P5-736 100,Halimeda ,Chlorophyta,1.1,0.011,-1.958607315,0.104880885,0.1,2.6,1.61245155,0.414973348,111,111-120,Mesophotic,Maui,MHI
P5-738 103,Halimeda ,Chlorophyta,1.2,0.012,-1.920818754,0.109544512,0.2,2.7,1.643167673,0.431363764,109,101-110,Mesophotic,Maui,MHI
P5-734 2,Halimeda ,Chlorophyta,1.2,0.012,-1.920818754,0.109544512,0.9,3.4,1.843908891,0.531478917,92,91-100,Mesophotic,Maui,MHI
HD 3,Halimeda ,Chlorophyta,1.8,0.018,-1.744727495,0.134164079,3.6,6.1,2.469817807,0.785329835,5,10-Jan,Shallow,Maui,MHI
HD 1,Halimeda ,Chlorophyta,1.9,0.019,-1.721246399,0.137840488,3.8,6.3,2.50998008,0.799340549,5,10-Jan,Shallow,Maui,MHI
HD 2,Halimeda ,Chlorophyta,2.8,0.028,-1.552841969,0.167332005,3.2,5.7,2.387467277,0.755874856,5,10-Jan,Shallow,Maui,MHI
P4-189 HA-17,Halimeda ,Chlorophyta,0.2,0.002,-2.698970004,0.04472136,1.8,4.3,2.073644135,0.633468456,80,71-80,Mesophotic,Molokai,MHI
P4-189 HA-15,Halimeda ,Chlorophyta,0.2,0.002,-2.698970004,0.04472136,1.9,4.4,2.097617696,0.643452676,80,71-80,Mesophotic,Molokai,MHI
P4-189 HA-13,Halimeda ,Chlorophyta,0.3,0.003,-2.522878745,0.054772256,1.4,3.9,1.974841766,0.591064607,80,71-80,Mesophotic,Molokai,MHI
P4-189 HA-16,Halimeda ,Chlorophyta,0.3,0.003,-2.522878745,0.054772256,1.8,4.3,2.073644135,0.633468456,80,71-80,Mesophotic,Molokai,MHI
P4-189 HA-18,Halimeda ,Chlorophyta,0.3,0.003,-2.522878745,0.054772256,1.8,4.3,2.073644135,0.633468456,80,71-80,Mesophotic,Molokai,MHI
P4-189 HA-14,Halimeda ,Chlorophyta,0.4,0.004,-2.397940009,0.063245553,2.1,4.6,2.144761059,0.662757832,80,71-80,Mesophotic,Molokai,MHI
P4-189 HB-10,Halimeda ,Chlorophyta,0.7,0.007,-2.15490196,0.083666003,4.9,7.4,2.720294102,0.86923172,69,61-70,Mesophotic,Molokai,MHI
P4-189 HB-3,Halimeda ,Chlorophyta,0.8,0.008,-2.096910013,0.089442719,2.8,5.3,2.302172887,0.72427587,80,71-80,Mesophotic,Molokai,MHI
P4-189 HB-5,Halimeda ,Chlorophyta,1,0.01,-2,0.1,4.7,7.2,2.683281573,0.857332496,80,71-80,Mesophotic,Molokai,MHI
P4-189 HB-8,Halimeda ,Chlorophyta,1.1,0.011,-1.958607315,0.104880885,4.1,6.6,2.569046516,0.819543936,69,61-70,Mesophotic,Molokai,MHI
P4-189 HB-12,Halimeda ,Chlorophyta,1.2,0.012,-1.920818754,0.109544512,4.2,6.7,2.588435821,0.826074803,69,61-70,Mesophotic,Molokai,MHI
P4-189 HB-2,Halimeda ,Chlorophyta,1.2,0.012,-1.920818754,0.109544512,4.8,7.3,2.701851217,0.86332286,80,71-80,Mesophotic,Molokai,MHI
P4-189 HB-7,Halimeda ,Chlorophyta,1.3,0.013,-1.886056648,0.114017543,4.4,6.9,2.626785107,0.838849091,69,61-70,Mesophotic,Molokai,MHI
P4-189 HB-11,Halimeda ,Chlorophyta,1.5,0.015,-1.823908741,0.122474487,3.7,6.2,2.48997992,0.792391689,69,61-70,Mesophotic,Molokai,MHI
P4-189 HB-4,Halimeda ,Chlorophyta,1.8,0.018,-1.744727495,0.134164079,0.9,3.4,1.843908891,0.531478917,80,71-80,Mesophotic,Molokai,MHI
P4-189 HB-6,Halimeda ,Chlorophyta,1.8,0.018,-1.744727495,0.134164079,4.3,6.8,2.607680962,0.832508913,80,71-80,Mesophotic,Molokai,MHI
P4-189 HB-9,Halimeda ,Chlorophyta,2,0.02,-1.698970004,0.141421356,3.9,6.4,2.529822128,0.806179974,69,61-70,Mesophotic,Molokai,MHI
P4-189 HB-1,Halimeda ,Chlorophyta,2.3,0.023,-1.638272164,0.151657509,2.3,4.8,2.19089023,0.681241237,80,71-80,Mesophotic,Molokai,MHI
NWHI-66,Halimeda ,Chlorophyta,0.3,0.003,-2.522878745,0.054772256,2.8,5.3,2.302172887,0.72427587,61,61-70,Mesophotic,Nihoa,NWHI
MHI-168,Halimeda ,Chlorophyta,0.8,0.008,-2.096910013,0.089442719,1.5,4,2,0.602059991,17,20-Nov,Shallow,Niihau,MHI
D1 HD,Halimeda ,Chlorophyta,0.2,0.002,-2.698970004,0.04472136,1.4,3.9,1.974841766,0.591064607,78,71-80,Mesophotic,Oahu,MHI
P4-188 HA1,Halimeda ,Chlorophyta,0.2,0.002,-2.698970004,0.04472136,2.5,5,2.236067977,0.698970004,87,81-90,Mesophotic,Oahu,MHI
P4-188 HA6,Halimeda ,Chlorophyta,0.2,0.002,-2.698970004,0.04472136,2.9,5.4,2.323790008,0.73239376,87,81-90,Mesophotic,Oahu,MHI
D1 HF,Halimeda ,Chlorophyta,0.2,0.002,-2.698970004,0.04472136,3,5.5,2.34520788,0.740362689,65,61-70,Mesophotic,Oahu,MHI
D1 HE,Halimeda ,Chlorophyta,0.3,0.003,-2.522878745,0.054772256,1.2,3.7,1.923538406,0.568201724,78,71-80,Mesophotic,Oahu,MHI
D1 HC,Halimeda ,Chlorophyta,0.3,0.003,-2.522878745,0.054772256,1.7,4.2,2.049390153,0.62324929,78,71-80,Mesophotic,Oahu,MHI
D1 HC3B,Halimeda ,Chlorophyta,0.3,0.003,-2.522878745,0.054772256,1.7,4.2,2.049390153,0.62324929,78,71-80,Mesophotic,Oahu,MHI
P4-188 HA4,Halimeda ,Chlorophyta,0.3,0.003,-2.522878745,0.054772256,1.7,4.2,2.049390153,0.62324929,87,81-90,Mesophotic,Oahu,MHI
D1 HA,Halimeda ,Chlorophyta,0.3,0.003,-2.522878745,0.054772256,1.8,4.3,2.073644135,0.633468456,78,71-80,Mesophotic,Oahu,MHI
P4-188 HA5,Halimeda ,Chlorophyta,0.3,0.003,-2.522878745,0.054772256,1.8,4.3,2.073644135,0.633468456,87,81-90,Mesophotic,Oahu,MHI
P4-188 HA3,Halimeda ,Chlorophyta,0.3,0.003,-2.522878745,0.054772256,2.4,4.9,2.213594362,0.69019608,87,81-90,Mesophotic,Oahu,MHI
D1 HI,Halimeda ,Chlorophyta,0.3,0.003,-2.522878745,0.054772256,2.9,5.4,2.323790008,0.73239376,65,61-70,Mesophotic,Oahu,MHI
D1 HH,Halimeda ,Chlorophyta,0.4,0.004,-2.397940009,0.063245553,2.8,5.3,2.302172887,0.72427587,65,61-70,Mesophotic,Oahu,MHI
P4-188 HA2,Halimeda ,Chlorophyta,0.5,0.005,-2.301029996,0.070710678,1.7,4.2,2.049390153,0.62324929,87,81-90,Mesophotic,Oahu,MHI
D1 HG,Halimeda ,Chlorophyta,0.5,0.005,-2.301029996,0.070710678,2.1,4.6,2.144761059,0.662757832,65,61-70,Mesophotic,Oahu,MHI
D1 HJ,Halimeda ,Chlorophyta,0.5,0.005,-2.301029996,0.070710678,2.1,4.6,2.144761059,0.662757832,65,61-70,Mesophotic,Oahu,MHI
P4-188 HD4,Halimeda ,Chlorophyta,0.8,0.008,-2.096910013,0.089442719,2,4.5,2.121320344,0.653212514,62,61-70,Mesophotic,Oahu,MHI
P4-188 HD5,Halimeda ,Chlorophyta,0.8,0.008,-2.096910013,0.089442719,2.5,5,2.236067977,0.698970004,62,61-70,Mesophotic,Oahu,MHI
P4-188 HD6,Halimeda ,Chlorophyta,0.9,0.009,-2.045757491,0.09486833,2.5,5,2.236067977,0.698970004,62,61-70,Mesophotic,Oahu,MHI
K-H1,Halimeda ,Chlorophyta,1.4,0.014,-1.853871964,0.118321596,1.3,3.8,1.949358869,0.579783597,38,31-40,Mesophotic,Oahu,MHI
Ha 2a,Halimeda ,Chlorophyta,1.4,0.014,-1.853871964,0.118321596,2.2,4.7,2.167948339,0.672097858,40,31-40,Mesophotic,Oahu,MHI
K-H2,Halimeda ,Chlorophyta,1.5,0.015,-1.823908741,0.122474487,1.5,4,2,0.602059991,38,31-40,Mesophotic,Oahu,MHI
Ha 15b,Halimeda ,Chlorophyta,1.5,0.015,-1.823908741,0.122474487,2.7,5.2,2.28035085,0.716003344,40,31-40,Mesophotic,Oahu,MHI
K-H3,Halimeda ,Chlorophyta,1.5,0.015,-1.823908741,0.122474487,3.4,5.9,2.42899156,0.770852012,38,31-40,Mesophotic,Oahu,MHI
P4-188 HD3,Halimeda ,Chlorophyta,1.6,0.016,-1.795880017,0.126491106,1.5,4,2,0.602059991,62,61-70,Mesophotic,Oahu,MHI
K-H4,Halimeda ,Chlorophyta,1.7,0.017,-1.769551079,0.130384048,1.5,4,2,0.602059991,38,31-40,Mesophotic,Oahu,MHI
Ha 2b,Halimeda ,Chlorophyta,1.7,0.017,-1.769551079,0.130384048,2.3,4.8,2.19089023,0.681241237,40,31-40,Mesophotic,Oahu,MHI
Ha 2c,Halimeda ,Chlorophyta,1.7,0.017,-1.769551079,0.130384048,4.7,7.2,2.683281573,0.857332496,40,31-40,Mesophotic,Oahu,MHI
P4-188 HD1,Halimeda ,Chlorophyta,1.8,0.018,-1.744727495,0.134164079,1.2,3.7,1.923538406,0.568201724,62,61-70,Mesophotic,Oahu,MHI
P4-188 HD2,Halimeda ,Chlorophyta,1.8,0.018,-1.744727495,0.134164079,1.5,4,2,0.602059991,62,61-70,Mesophotic,Oahu,MHI
HA 91B,Halimeda ,Chlorophyta,2.4,0.024,-1.619788758,0.154919334,1,3.5,1.870828693,0.544068044,38,31-40,Mesophotic,Oahu,MHI
HA 91A,Halimeda ,Chlorophyta,2.4,0.024,-1.619788758,0.154919334,1.7,4.2,2.049390153,0.62324929,38,31-40,Mesophotic,Oahu,MHI
HA 91C,Halimeda ,Chlorophyta,2.6,0.026,-1.585026652,0.161245155,1.3,3.8,1.949358869,0.579783597,38,31-40,Mesophotic,Oahu,MHI
Ha 15a,Halimeda ,Chlorophyta,2.7,0.027,-1.568636236,0.164316767,3.8,6.3,2.50998008,0.799340549,40,31-40,Mesophotic,Oahu,MHI
Ha 35b,Halimeda ,Chlorophyta,1.5,0.015,-1.823908741,0.122474487,3.4,5.9,2.42899156,0.770852012,24,21-30,Shallow,Oahu,MHI
Ha 11c,Halimeda ,Chlorophyta,1.7,0.017,-1.769551079,0.130384048,3.1,5.6,2.366431913,0.748188027,24,21-30,Shallow,Oahu,MHI
Ha 28a,Halimeda ,Chlorophyta,1.7,0.017,-1.769551079,0.130384048,3.3,5.8,2.408318916,0.763427994,18,20-Nov,Shallow,Oahu,MHI
Ha 35a,Halimeda ,Chlorophyta,1.7,0.017,-1.769551079,0.130384048,4,6.5,2.549509757,0.812913357,24,21-30,Shallow,Oahu,MHI
Ha 28b,Halimeda ,Chlorophyta,1.7,0.017,-1.769551079,0.130384048,4.4,6.9,2.626785107,0.838849091,18,20-Nov,Shallow,Oahu,MHI
Ha 35c,Halimeda ,Chlorophyta,1.8,0.018,-1.744727495,0.134164079,3,5.5,2.34520788,0.740362689,24,21-30,Shallow,Oahu,MHI
Ha 11a,Halimeda ,Chlorophyta,2.1,0.021,-1.677780705,0.144913767,3.1,5.6,2.366431913,0.748188027,24,21-30,Shallow,Oahu,MHI
Ha 11b,Halimeda ,Chlorophyta,2.8,0.028,-1.552841969,0.167332005,1.8,4.3,2.073644135,0.633468456,24,21-30,Shallow,Oahu,MHI
NWHI-84,Halimeda ,Chlorophyta,0.2,0.002,-2.698970004,0.04472136,1.9,4.4,2.097617696,0.643452676,58,51-60,Mesophotic,Pearl & Hermes,NWHI
NWHI-375,Halimeda ,Chlorophyta,1.4,0.014,-1.853871964,0.118321596,5.3,7.8,2.792848009,0.892094603,70,61-70,Mesophotic,Pearl & Hermes,NWHI
NWHI-85,Halimeda ,Chlorophyta,1.9,0.019,-1.721246399,0.137840488,2.8,5.3,2.302172887,0.72427587,56,51-60,Mesophotic,Pearl & Hermes,NWHI
NWHI-1071a,Halimeda ,Chlorophyta,0.6,0.006,-2.22184875,0.077459667,1.5,4,2,0.602059991,23,21-30,Shallow,Pearl & Hermes,NWHI
NWHI-1070a,Halimeda ,Chlorophyta,0.6,0.006,-2.22184875,0.077459667,2.2,4.7,2.167948339,0.672097858,20,20-Nov,Shallow,Pearl & Hermes,NWHI
NWHI-1070b,Halimeda ,Chlorophyta,0.7,0.007,-2.15490196,0.083666003,1.8,4.3,2.073644135,0.633468456,20,20-Nov,Shallow,Pearl & Hermes,NWHI
NWHI-1071c,Halimeda ,Chlorophyta,0.8,0.008,-2.096910013,0.089442719,1.7,4.2,2.049390153,0.62324929,23,21-30,Shallow,Pearl & Hermes,NWHI
NWHI-1070c,Halimeda ,Chlorophyta,0.8,0.008,-2.096910013,0.089442719,2,4.5,2.121320344,0.653212514,20,20-Nov,Shallow,Pearl & Hermes,NWHI
NWHI-878c,Halimeda ,Chlorophyta,0.8,0.008,-2.096910013,0.089442719,4.8,7.3,2.701851217,0.86332286,12,20-Nov,Shallow,Pearl & Hermes,NWHI
NWHI-878a,Halimeda ,Chlorophyta,0.9,0.009,-2.045757491,0.09486833,3.7,6.2,2.48997992,0.792391689,12,20-Nov,Shallow,Pearl & Hermes,NWHI
NWHI-878b,Halimeda ,Chlorophyta,1,0.01,-2,0.1,2.5,5,2.236067977,0.698970004,12,20-Nov,Shallow,Pearl & Hermes,NWHI
NWHI-1071b,Halimeda ,Chlorophyta,1.1,0.011,-1.958607315,0.104880885,2.1,4.6,2.144761059,0.662757832,23,21-30,Shallow,Pearl & Hermes,NWHI
NWHI-1072a,Halimeda ,Chlorophyta,1.5,0.015,-1.823908741,0.122474487,2.7,5.2,2.28035085,0.716003344,24,21-30,Shallow,Pearl & Hermes,NWHI
NWHI-1072b,Halimeda ,Chlorophyta,1.6,0.016,-1.795880017,0.126491106,3,5.5,2.34520788,0.740362689,24,21-30,Shallow,Pearl & Hermes,NWHI
NWHI-1072c,Halimeda ,Chlorophyta,1.7,0.017,-1.769551079,0.130384048,2.7,5.2,2.28035085,0.716003344,24,21-30,Shallow,Pearl & Hermes,NWHI
NWHI-465,Halimeda ,Chlorophyta,1.8,0.018,-1.744727495,0.134164079,2,4.5,2.121320344,0.653212514,54,51-60,Mesophotic,Pioneer,NWHI
P4-191 HK14,H. kanaloana,Chlorophyta,1.5,0.015,-1.823908741,0.122474487,3.9,6.4,2.529822128,0.806179974,67,61-70,Mesophotic,Maui,MHI
127E,H. kanaloana,Chlorophyta,1.6,0.016,-1.795880017,0.126491106,2.8,5.3,2.302172887,0.72427587,39,31-40,Mesophotic,Maui,MHI
127D,H. kanaloana,Chlorophyta,1.6,0.016,-1.795880017,0.126491106,3.4,5.9,2.42899156,0.770852012,39,31-40,Mesophotic,Maui,MHI
127C,H. kanaloana,Chlorophyta,1.7,0.017,-1.769551079,0.130384048,2.4,4.9,2.213594362,0.69019608,39,31-40,Mesophotic,Maui,MHI
P4-191 HK12,H. kanaloana,Chlorophyta,1.7,0.017,-1.769551079,0.130384048,3.3,5.8,2.408318916,0.763427994,67,61-70,Mesophotic,Maui,MHI
P4-190 HK4,H. kanaloana,Chlorophyta,1.8,0.018,-1.744727495,0.134164079,2,4.5,2.121320344,0.653212514,82,81-90,Mesophotic,Maui,MHI
127A,H. kanaloana,Chlorophyta,1.8,0.018,-1.744727495,0.134164079,3.2,5.7,2.387467277,0.755874856,39,31-40,Mesophotic,Maui,MHI
127B,H. kanaloana,Chlorophyta,1.9,0.019,-1.721246399,0.137840488,2.2,4.7,2.167948339,0.672097858,39,31-40,Mesophotic,Maui,MHI
P4-190 HK2,H. kanaloana,Chlorophyta,1.9,0.019,-1.721246399,0.137840488,2.3,4.8,2.19089023,0.681241237,82,81-90,Mesophotic,Maui,MHI
P4-191 HK9,H. kanaloana,Chlorophyta,2,0.02,-1.698970004,0.141421356,3.7,6.2,2.48997992,0.792391689,67,61-70,Mesophotic,Maui,MHI
P4-190 HK1,H. kanaloana,Chlorophyta,2.1,0.021,-1.677780705,0.144913767,2.2,4.7,2.167948339,0.672097858,82,81-90,Mesophotic,Maui,MHI
P4-191 HK18,H. kanaloana,Chlorophyta,2.1,0.021,-1.677780705,0.144913767,2.9,5.4,2.323790008,0.73239376,67,61-70,Mesophotic,Maui,MHI
P4-191 HK10,H. kanaloana,Chlorophyta,2.1,0.021,-1.677780705,0.144913767,3.4,5.9,2.42899156,0.770852012,67,61-70,Mesophotic,Maui,MHI
P4-190 HK3,H. kanaloana,Chlorophyta,2.4,0.024,-1.619788758,0.154919334,1.9,4.4,2.097617696,0.643452676,82,81-90,Mesophotic,Maui,MHI
P4-190 HK5,H. kanaloana,Chlorophyta,2.6,0.026,-1.585026652,0.161245155,1.4,3.9,1.974841766,0.591064607,82,81-90,Mesophotic,Maui,MHI
P4-191 HK7,H. kanaloana,Chlorophyta,2.6,0.026,-1.585026652,0.161245155,3.3,5.8,2.408318916,0.763427994,67,61-70,Mesophotic,Maui,MHI
P4-191 HK16,H. kanaloana,Chlorophyta,2.6,0.026,-1.585026652,0.161245155,3.4,5.9,2.42899156,0.770852012,67,61-70,Mesophotic,Maui,MHI
P4-190 HK6,H. kanaloana,Chlorophyta,2.7,0.027,-1.568636236,0.164316767,2.2,4.7,2.167948339,0.672097858,82,81-90,Mesophotic,Maui,MHI
P4-191 HK3,H. kanaloana,Chlorophyta,2.7,0.027,-1.568636236,0.164316767,4.1,6.6,2.569046516,0.819543936,82,81-90,Mesophotic,Maui,MHI
P4-191 HK15,H. kanaloana,Chlorophyta,2.9,0.029,-1.537602002,0.170293864,4.2,6.7,2.588435821,0.826074803,67,61-70,Mesophotic,Maui,MHI
P4-191 HK8,H. kanaloana,Chlorophyta,3,0.03,-1.522878745,0.173205081,3.6,6.1,2.469817807,0.785329835,67,61-70,Mesophotic,Maui,MHI
P4-191 HK17,H. kanaloana,Chlorophyta,3.5,0.035,-1.455931956,0.187082869,2.9,5.4,2.323790008,0.73239376,67,61-70,Mesophotic,Maui,MHI
P1E,H. kanaloana,Chlorophyta,0.9,0.009,-2.045757491,0.09486833,4.9,7.4,2.720294102,0.86923172,1,10-Jan,Shallow,Maui,MHI
HK 4,H. kanaloana,Chlorophyta,1.1,0.011,-1.958607315,0.104880885,2.7,5.2,2.28035085,0.716003344,18,20-Nov,Shallow,Maui,MHI
HK 31,H. kanaloana,Chlorophyta,1.2,0.012,-1.920818754,0.109544512,3.8,6.3,2.50998008,0.799340549,27,21-30,Shallow,Maui,MHI
P20-G,H. kanaloana,Chlorophyta,1.3,0.013,-1.886056648,0.114017543,2,4.5,2.121320344,0.653212514,20,20-Nov,Shallow,Maui,MHI
P20-K,H. kanaloana,Chlorophyta,1.4,0.014,-1.853871964,0.118321596,1.5,4,2,0.602059991,20,20-Nov,Shallow,Maui,MHI
HK 25,H. kanaloana,Chlorophyta,1.4,0.014,-1.853871964,0.118321596,3.1,5.6,2.366431913,0.748188027,27,21-30,Shallow,Maui,MHI
HK 36,H. kanaloana,Chlorophyta,1.4,0.014,-1.853871964,0.118321596,3.6,6.1,2.469817807,0.785329835,27,21-30,Shallow,Maui,MHI
HK 50,H. kanaloana,Chlorophyta,1.5,0.015,-1.823908741,0.122474487,1.2,3.7,1.923538406,0.568201724,14,20-Nov,Shallow,Maui,MHI
K230-3,H. kanaloana,Chlorophyta,1.5,0.015,-1.823908741,0.122474487,2.1,4.6,2.144761059,0.662757832,30,21-30,Shallow,Maui,MHI
HK K 30-5,H. kanaloana,Chlorophyta,1.6,0.016,-1.795880017,0.126491106,2.4,4.9,2.213594362,0.69019608,30,21-30,Shallow,Maui,MHI
Ha90-9,H. kanaloana,Chlorophyta,1.6,0.016,-1.795880017,0.126491106,2.5,5,2.236067977,0.698970004,27,21-30,Shallow,Maui,MHI
P20-J,H. kanaloana,Chlorophyta,1.6,0.016,-1.795880017,0.126491106,2.6,5.1,2.258317958,0.707570176,20,20-Nov,Shallow,Maui,MHI
Ha90-7,H. kanaloana,Chlorophyta,1.6,0.016,-1.795880017,0.126491106,2.7,5.2,2.28035085,0.716003344,27,21-30,Shallow,Maui,MHI
HK 6,H. kanaloana,Chlorophyta,1.6,0.016,-1.795880017,0.126491106,3.5,6,2.449489743,0.77815125,18,20-Nov,Shallow,Maui,MHI
HK 5,H. kanaloana,Chlorophyta,1.7,0.017,-1.769551079,0.130384048,2,4.5,2.121320344,0.653212514,18,20-Nov,Shallow,Maui,MHI
HK 20-2,H. kanaloana,Chlorophyta,1.7,0.017,-1.769551079,0.130384048,2,4.5,2.121320344,0.653212514,20,20-Nov,Shallow,Maui,MHI
Ha90-8,H. kanaloana,Chlorophyta,1.7,0.017,-1.769551079,0.130384048,2.9,5.4,2.323790008,0.73239376,27,21-30,Shallow,Maui,MHI
HK K 30-1,H. kanaloana,Chlorophyta,1.7,0.017,-1.769551079,0.130384048,3.2,5.7,2.387467277,0.755874856,30,21-30,Shallow,Maui,MHI
HK K 20-2,H. kanaloana,Chlorophyta,1.8,0.018,-1.744727495,0.134164079,1.3,3.8,1.949358869,0.579783597,20,20-Nov,Shallow,Maui,MHI
K20-A,H. kanaloana,Chlorophyta,1.8,0.018,-1.744727495,0.134164079,2.2,4.7,2.167948339,0.672097858,20,20-Nov,Shallow,Maui,MHI
P20-C,H. kanaloana,Chlorophyta,1.8,0.018,-1.744727495,0.134164079,2.2,4.7,2.167948339,0.672097858,20,20-Nov,Shallow,Maui,MHI
P20-H,H. kanaloana,Chlorophyta,1.8,0.018,-1.744727495,0.134164079,2.4,4.9,2.213594362,0.69019608,20,20-Nov,Shallow,Maui,MHI
K30-G,H. kanaloana,Chlorophyta,1.8,0.018,-1.744727495,0.134164079,2.4,4.9,2.213594362,0.69019608,30,21-30,Shallow,Maui,MHI
HK 22,H. kanaloana,Chlorophyta,1.8,0.018,-1.744727495,0.134164079,2.6,5.1,2.258317958,0.707570176,27,21-30,Shallow,Maui,MHI
HK 29,H. kanaloana,Chlorophyta,1.8,0.018,-1.744727495,0.134164079,3,5.5,2.34520788,0.740362689,27,21-30,Shallow,Maui,MHI
K210-5,H. kanaloana,Chlorophyta,1.8,0.018,-1.744727495,0.134164079,3.1,5.6,2.366431913,0.748188027,10,10-Jan,Shallow,Maui,MHI
HK60-5,H. kanaloana,Chlorophyta,1.8,0.018,-1.744727495,0.134164079,3.1,5.6,2.366431913,0.748188027,18,20-Nov,Shallow,Maui,MHI
HK K 30-2,H. kanaloana,Chlorophyta,1.8,0.018,-1.744727495,0.134164079,3.3,5.8,2.408318916,0.763427994,30,21-30,Shallow,Maui,MHI
K20-H,H. kanaloana,Chlorophyta,1.9,0.019,-1.721246399,0.137840488,0.6,3.1,1.760681686,0.491361694,20,20-Nov,Shallow,Maui,MHI
HK 7,H. kanaloana,Chlorophyta,1.9,0.019,-1.721246399,0.137840488,2.2,4.7,2.167948339,0.672097858,18,20-Nov,Shallow,Maui,MHI
HK 10-1,H. kanaloana,Chlorophyta,1.9,0.019,-1.721246399,0.137840488,2.5,5,2.236067977,0.698970004,10,10-Jan,Shallow,Maui,MHI
HK 28,H. kanaloana,Chlorophyta,1.9,0.019,-1.721246399,0.137840488,2.7,5.2,2.28035085,0.716003344,27,21-30,Shallow,Maui,MHI
Hono-1,H. kanaloana,Chlorophyta,1.9,0.019,-1.721246399,0.137840488,2.9,5.4,2.323790008,0.73239376,9,10-Jan,Shallow,Maui,MHI
Hono-10,H. kanaloana,Chlorophyta,1.9,0.019,-1.721246399,0.137840488,2.9,5.4,2.323790008,0.73239376,18,20-Nov,Shallow,Maui,MHI
HK M-1,H. kanaloana,Chlorophyta,1.9,0.019,-1.721246399,0.137840488,3,5.5,2.34520788,0.740362689,20,20-Nov,Shallow,Maui,MHI
HK M-3,H. kanaloana,Chlorophyta,1.9,0.019,-1.721246399,0.137840488,3,5.5,2.34520788,0.740362689,20,20-Nov,Shallow,Maui,MHI
K20-G,H. kanaloana,Chlorophyta,1.9,0.019,-1.721246399,0.137840488,3.1,5.6,2.366431913,0.748188027,20,20-Nov,Shallow,Maui,MHI
P10-H,H. kanaloana,Chlorophyta,1.9,0.019,-1.721246399,0.137840488,3.2,5.7,2.387467277,0.755874856,10,10-Jan,Shallow,Maui,MHI
Hono-5,H. kanaloana,Chlorophyta,1.9,0.019,-1.721246399,0.137840488,3.3,5.8,2.408318916,0.763427994,9,10-Jan,Shallow,Maui,MHI
Hono-2,H. kanaloana,Chlorophyta,1.9,0.019,-1.721246399,0.137840488,3.4,5.9,2.42899156,0.770852012,9,10-Jan,Shallow,Maui,MHI
ML5,H. kanaloana,Chlorophyta,1.9,0.019,-1.721246399,0.137840488,3.5,6,2.449489743,0.77815125,11,20-Nov,Shallow,Maui,MHI
P10-F,H. kanaloana,Chlorophyta,1.9,0.019,-1.721246399,0.137840488,3.6,6.1,2.469817807,0.785329835,10,10-Jan,Shallow,Maui,MHI
P20-I,H. kanaloana,Chlorophyta,2,0.02,-1.698970004,0.141421356,1.7,4.2,2.049390153,0.62324929,20,20-Nov,Shallow,Maui,MHI
HK 20-5,H. kanaloana,Chlorophyta,2,0.02,-1.698970004,0.141421356,2,4.5,2.121320344,0.653212514,20,20-Nov,Shallow,Maui,MHI
HK M-5,H. kanaloana,Chlorophyta,2,0.02,-1.698970004,0.141421356,2.1,4.6,2.144761059,0.662757832,20,20-Nov,Shallow,Maui,MHI
HK 24,H. kanaloana,Chlorophyta,2,0.02,-1.698970004,0.141421356,2.2,4.7,2.167948339,0.672097858,27,21-30,Shallow,Maui,MHI
K230-1,H. kanaloana,Chlorophyta,2,0.02,-1.698970004,0.141421356,2.2,4.7,2.167948339,0.672097858,30,21-30,Shallow,Maui,MHI
HK60-4,H. kanaloana,Chlorophyta,2,0.02,-1.698970004,0.141421356,2.3,4.8,2.19089023,0.681241237,18,20-Nov,Shallow,Maui,MHI
K20-F,H. kanaloana,Chlorophyta,2,0.02,-1.698970004,0.141421356,2.3,4.8,2.19089023,0.681241237,20,20-Nov,Shallow,Maui,MHI
HK K 20-5,H. kanaloana,Chlorophyta,2,0.02,-1.698970004,0.141421356,2.5,5,2.236067977,0.698970004,20,20-Nov,Shallow,Maui,MHI
HK 21,H. kanaloana,Chlorophyta,2,0.02,-1.698970004,0.141421356,2.5,5,2.236067977,0.698970004,27,21-30,Shallow,Maui,MHI
K210-1,H. kanaloana,Chlorophyta,2,0.02,-1.698970004,0.141421356,2.6,5.1,2.258317958,0.707570176,10,10-Jan,Shallow,Maui,MHI
ML1,H. kanaloana,Chlorophyta,2,0.02,-1.698970004,0.141421356,2.6,5.1,2.258317958,0.707570176,11,20-Nov,Shallow,Maui,MHI
P20-F,H. kanaloana,Chlorophyta,2,0.02,-1.698970004,0.141421356,2.6,5.1,2.258317958,0.707570176,20,20-Nov,Shallow,Maui,MHI
HK 37,H. kanaloana,Chlorophyta,2,0.02,-1.698970004,0.141421356,2.7,5.2,2.28035085,0.716003344,27,21-30,Shallow,Maui,MHI
K20-J,H. kanaloana,Chlorophyta,2,0.02,-1.698970004,0.141421356,2.8,5.3,2.302172887,0.72427587,20,20-Nov,Shallow,Maui,MHI
Hono-4,H. kanaloana,Chlorophyta,2,0.02,-1.698970004,0.141421356,3.1,5.6,2.366431913,0.748188027,9,10-Jan,Shallow,Maui,MHI
HK 41,H. kanaloana,Chlorophyta,2,0.02,-1.698970004,0.141421356,3.2,5.7,2.387467277,0.755874856,14,20-Nov,Shallow,Maui,MHI
HK 49,H. kanaloana,Chlorophyta,2,0.02,-1.698970004,0.141421356,3.3,5.8,2.408318916,0.763427994,14,20-Nov,Shallow,Maui,MHI
HK30-4,H. kanaloana,Chlorophyta,2,0.02,-1.698970004,0.141421356,3.6,6.1,2.469817807,0.785329835,9,10-Jan,Shallow,Maui,MHI
K210-4,H. kanaloana,Chlorophyta,2,0.02,-1.698970004,0.141421356,3.7,6.2,2.48997992,0.792391689,10,10-Jan,Shallow,Maui,MHI
ML2,H. kanaloana,Chlorophyta,2,0.02,-1.698970004,0.141421356,3.9,6.4,2.529822128,0.806179974,11,20-Nov,Shallow,Maui,MHI
K30-F,H. kanaloana,Chlorophyta,2.1,0.021,-1.677780705,0.144913767,1.3,3.8,1.949358869,0.579783597,30,21-30,Shallow,Maui,MHI
K230-2,H. kanaloana,Chlorophyta,2.1,0.021,-1.677780705,0.144913767,1.9,4.4,2.097617696,0.643452676,30,21-30,Shallow,Maui,MHI
HK K 20-4,H. kanaloana,Chlorophyta,2.1,0.021,-1.677780705,0.144913767,2,4.5,2.121320344,0.653212514,20,20-Nov,Shallow,Maui,MHI
K30-J,H. kanaloana,Chlorophyta,2.1,0.021,-1.677780705,0.144913767,2.3,4.8,2.19089023,0.681241237,30,21-30,Shallow,Maui,MHI
K220-5,H. kanaloana,Chlorophyta,2.1,0.021,-1.677780705,0.144913767,2.4,4.9,2.213594362,0.69019608,20,20-Nov,Shallow,Maui,MHI
HK P-5,H. kanaloana,Chlorophyta,2.1,0.021,-1.677780705,0.144913767,2.5,5,2.236067977,0.698970004,20,20-Nov,Shallow,Maui,MHI
Ha90-6,H. kanaloana,Chlorophyta,2.1,0.021,-1.677780705,0.144913767,2.5,5,2.236067977,0.698970004,27,21-30,Shallow,Maui,MHI
K230-5,H. kanaloana,Chlorophyta,2.1,0.021,-1.677780705,0.144913767,2.5,5,2.236067977,0.698970004,30,21-30,Shallow,Maui,MHI
HK K 30-4,H. kanaloana,Chlorophyta,2.1,0.021,-1.677780705,0.144913767,2.7,5.2,2.28035085,0.716003344,30,21-30,Shallow,Maui,MHI
HK 18,H. kanaloana,Chlorophyta,2.1,0.021,-1.677780705,0.144913767,2.9,5.4,2.323790008,0.73239376,18,20-Nov,Shallow,Maui,MHI
HK 11,H. kanaloana,Chlorophyta,2.1,0.021,-1.677780705,0.144913767,3,5.5,2.34520788,0.740362689,18,20-Nov,Shallow,Maui,MHI
HK 16,H. kanaloana,Chlorophyta,2.1,0.021,-1.677780705,0.144913767,3,5.5,2.34520788,0.740362689,18,20-Nov,Shallow,Maui,MHI
HK 65,H. kanaloana,Chlorophyta,2.1,0.021,-1.677780705,0.144913767,3.2,5.7,2.387467277,0.755874856,14,20-Nov,Shallow,Maui,MHI
K220-2,H. kanaloana,Chlorophyta,2.1,0.021,-1.677780705,0.144913767,3.2,5.7,2.387467277,0.755874856,20,20-Nov,Shallow,Maui,MHI
Ha30-8,H. kanaloana,Chlorophyta,2.1,0.021,-1.677780705,0.144913767,3.7,6.2,2.48997992,0.792391689,9,10-Jan,Shallow,Maui,MHI
P10-G,H. kanaloana,Chlorophyta,2.1,0.021,-1.677780705,0.144913767,3.9,6.4,2.529822128,0.806179974,10,10-Jan,Shallow,Maui,MHI
HK L-2,H. kanaloana,Chlorophyta,2.2,0.022,-1.657577319,0.14832397,1.6,4.1,2.024845673,0.612783857,20,20-Nov,Shallow,Maui,MHI
HK K 30-3,H. kanaloana,Chlorophyta,2.2,0.022,-1.657577319,0.14832397,1.8,4.3,2.073644135,0.633468456,30,21-30,Shallow,Maui,MHI
K230-4,H. kanaloana,Chlorophyta,2.2,0.022,-1.657577319,0.14832397,2.1,4.6,2.144761059,0.662757832,30,21-30,Shallow,Maui,MHI
HK 20-4,H. kanaloana,Chlorophyta,2.2,0.022,-1.657577319,0.14832397,2.2,4.7,2.167948339,0.672097858,20,20-Nov,Shallow,Maui,MHI
HK P-1,H. kanaloana,Chlorophyta,2.2,0.022,-1.657577319,0.14832397,2.2,4.7,2.167948339,0.672097858,20,20-Nov,Shallow,Maui,MHI
HK 30-3,H. kanaloana,Chlorophyta,2.2,0.022,-1.657577319,0.14832397,2.2,4.7,2.167948339,0.672097858,30,21-30,Shallow,Maui,MHI
Ha60-7,H. kanaloana,Chlorophyta,2.2,0.022,-1.657577319,0.14832397,2.3,4.8,2.19089023,0.681241237,18,20-Nov,Shallow,Maui,MHI
Hono-7,H. kanaloana,Chlorophyta,2.2,0.022,-1.657577319,0.14832397,2.6,5.1,2.258317958,0.707570176,18,20-Nov,Shallow,Maui,MHI
HK 38,H. kanaloana,Chlorophyta,2.2,0.022,-1.657577319,0.14832397,2.8,5.3,2.302172887,0.72427587,27,21-30,Shallow,Maui,MHI
HK 70,H. kanaloana,Chlorophyta,2.2,0.022,-1.657577319,0.14832397,2.9,5.4,2.323790008,0.73239376,6,10-Jan,Shallow,Maui,MHI
K220-1,H. kanaloana,Chlorophyta,2.2,0.022,-1.657577319,0.14832397,3.1,5.6,2.366431913,0.748188027,20,20-Nov,Shallow,Maui,MHI
HK 15,H. kanaloana,Chlorophyta,2.2,0.022,-1.657577319,0.14832397,3.2,5.7,2.387467277,0.755874856,18,20-Nov,Shallow,Maui,MHI
P10-D,H. kanaloana,Chlorophyta,2.2,0.022,-1.657577319,0.14832397,3.3,5.8,2.408318916,0.763427994,10,10-Jan,Shallow,Maui,MHI
P10-B,H. kanaloana,Chlorophyta,2.2,0.022,-1.657577319,0.14832397,3.6,6.1,2.469817807,0.785329835,10,10-Jan,Shallow,Maui,MHI
HK M-2,H. kanaloana,Chlorophyta,2.3,0.023,-1.638272164,0.151657509,0.4,2.9,1.702938637,0.462397998,20,20-Nov,Shallow,Maui,MHI
HK 34,H. kanaloana,Chlorophyta,2.3,0.023,-1.638272164,0.151657509,1.9,4.4,2.097617696,0.643452676,27,21-30,Shallow,Maui,MHI
HK 35,H. kanaloana,Chlorophyta,2.3,0.023,-1.638272164,0.151657509,1.9,4.4,2.097617696,0.643452676,27,21-30,Shallow,Maui,MHI
P20-A,H. kanaloana,Chlorophyta,2.3,0.023,-1.638272164,0.151657509,2,4.5,2.121320344,0.653212514,20,20-Nov,Shallow,Maui,MHI
HK90-5,H. kanaloana,Chlorophyta,2.3,0.023,-1.638272164,0.151657509,2.3,4.8,2.19089023,0.681241237,27,21-30,Shallow,Maui,MHI
Ha90-10,H. kanaloana,Chlorophyta,2.3,0.023,-1.638272164,0.151657509,2.7,5.2,2.28035085,0.716003344,27,21-30,Shallow,Maui,MHI
HK30-3,H. kanaloana,Chlorophyta,2.3,0.023,-1.638272164,0.151657509,2.8,5.3,2.302172887,0.72427587,9,10-Jan,Shallow,Maui,MHI
HK 10-4,H. kanaloana,Chlorophyta,2.3,0.023,-1.638272164,0.151657509,3.2,5.7,2.387467277,0.755874856,10,10-Jan,Shallow,Maui,MHI
HK M-4,H. kanaloana,Chlorophyta,2.4,0.024,-1.619788758,0.154919334,1.7,4.2,2.049390153,0.62324929,20,20-Nov,Shallow,Maui,MHI
HK 30-5,H. kanaloana,Chlorophyta,2.4,0.024,-1.619788758,0.154919334,1.9,4.4,2.097617696,0.643452676,30,21-30,Shallow,Maui,MHI
HK 8,H. kanaloana,Chlorophyta,2.4,0.024,-1.619788758,0.154919334,2,4.5,2.121320344,0.653212514,18,20-Nov,Shallow,Maui,MHI
HK 30-4,H. kanaloana,Chlorophyta,2.4,0.024,-1.619788758,0.154919334,2,4.5,2.121320344,0.653212514,30,21-30,Shallow,Maui,MHI
P10-E,H. kanaloana,Chlorophyta,2.4,0.024,-1.619788758,0.154919334,2.6,5.1,2.258317958,0.707570176,10,10-Jan,Shallow,Maui,MHI
Ha30-9,H. kanaloana,Chlorophyta,2.4,0.024,-1.619788758,0.154919334,2.7,5.2,2.28035085,0.716003344,9,10-Jan,Shallow,Maui,MHI
HK 30-1,H. kanaloana,Chlorophyta,2.4,0.024,-1.619788758,0.154919334,2.7,5.2,2.28035085,0.716003344,30,21-30,Shallow,Maui,MHI
K210-2,H. kanaloana,Chlorophyta,2.4,0.024,-1.619788758,0.154919334,2.8,5.3,2.302172887,0.72427587,10,10-Jan,Shallow,Maui,MHI
HK 1,H. kanaloana,Chlorophyta,2.4,0.024,-1.619788758,0.154919334,2.9,5.4,2.323790008,0.73239376,18,20-Nov,Shallow,Maui,MHI
HK30-2,H. kanaloana,Chlorophyta,2.4,0.024,-1.619788758,0.154919334,3.6,6.1,2.469817807,0.785329835,9,10-Jan,Shallow,Maui,MHI
HK 33,H. kanaloana,Chlorophyta,2.5,0.025,-1.602059991,0.158113883,0.2,2.7,1.643167673,0.431363764,27,21-30,Shallow,Maui,MHI
HK 52,H. kanaloana,Chlorophyta,2.5,0.025,-1.602059991,0.158113883,1.4,3.9,1.974841766,0.591064607,14,20-Nov,Shallow,Maui,MHI
HK K 20-3,H. kanaloana,Chlorophyta,2.5,0.025,-1.602059991,0.158113883,1.5,4,2,0.602059991,20,20-Nov,Shallow,Maui,MHI
K20-E,H. kanaloana,Chlorophyta,2.5,0.025,-1.602059991,0.158113883,1.7,4.2,2.049390153,0.62324929,20,20-Nov,Shallow,Maui,MHI
HK 10-2,H. kanaloana,Chlorophyta,2.5,0.025,-1.602059991,0.158113883,1.9,4.4,2.097617696,0.643452676,10,10-Jan,Shallow,Maui,MHI
HK 40,H. kanaloana,Chlorophyta,2.5,0.025,-1.602059991,0.158113883,2,4.5,2.121320344,0.653212514,14,20-Nov,Shallow,Maui,MHI
HK90-3,H. kanaloana,Chlorophyta,2.5,0.025,-1.602059991,0.158113883,2,4.5,2.121320344,0.653212514,27,21-30,Shallow,Maui,MHI
HK90-1,H. kanaloana,Chlorophyta,2.5,0.025,-1.602059991,0.158113883,2.3,4.8,2.19089023,0.681241237,27,21-30,Shallow,Maui,MHI
Hono-8,H. kanaloana,Chlorophyta,2.5,0.025,-1.602059991,0.158113883,3.1,5.6,2.366431913,0.748188027,18,20-Nov,Shallow,Maui,MHI
ML4,H. kanaloana,Chlorophyta,2.5,0.025,-1.602059991,0.158113883,3.2,5.7,2.387467277,0.755874856,11,20-Nov,Shallow,Maui,MHI
P1D,H. kanaloana,Chlorophyta,2.5,0.025,-1.602059991,0.158113883,3.6,6.1,2.469817807,0.785329835,1,10-Jan,Shallow,Maui,MHI
Ha60-10,H. kanaloana,Chlorophyta,2.5,0.025,-1.602059991,0.158113883,4.3,6.8,2.607680962,0.832508913,18,20-Nov,Shallow,Maui,MHI
HK 10-5,H. kanaloana,Chlorophyta,2.6,0.026,-1.585026652,0.161245155,1.1,3.6,1.897366596,0.556302501,10,10-Jan,Shallow,Maui,MHI
K220-3,H. kanaloana,Chlorophyta,2.6,0.026,-1.585026652,0.161245155,1.1,3.6,1.897366596,0.556302501,20,20-Nov,Shallow,Maui,MHI
HK 10,H. kanaloana,Chlorophyta,2.6,0.026,-1.585026652,0.161245155,2.1,4.6,2.144761059,0.662757832,18,20-Nov,Shallow,Maui,MHI
HK 3,H. kanaloana,Chlorophyta,2.6,0.026,-1.585026652,0.161245155,2.1,4.6,2.144761059,0.662757832,18,20-Nov,Shallow,Maui,MHI
HK 30-2,H. kanaloana,Chlorophyta,2.6,0.026,-1.585026652,0.161245155,2.5,5,2.236067977,0.698970004,30,21-30,Shallow,Maui,MHI
HK 32,H. kanaloana,Chlorophyta,2.7,0.027,-1.568636236,0.164316767,-1.1,1.4,1.183215957,0.146128036,27,21-30,Shallow,Maui,MHI
HK 10-3,H. kanaloana,Chlorophyta,2.7,0.027,-1.568636236,0.164316767,0.5,3,1.732050808,0.477121255,10,10-Jan,Shallow,Maui,MHI
HK 43,H. kanaloana,Chlorophyta,2.7,0.027,-1.568636236,0.164316767,2,4.5,2.121320344,0.653212514,14,20-Nov,Shallow,Maui,MHI
HK60-2,H. kanaloana,Chlorophyta,2.7,0.027,-1.568636236,0.164316767,2,4.5,2.121320344,0.653212514,18,20-Nov,Shallow,Maui,MHI
K220-4,H. kanaloana,Chlorophyta,2.7,0.027,-1.568636236,0.164316767,2.1,4.6,2.144761059,0.662757832,20,20-Nov,Shallow,Maui,MHI
Ha60-6,H. kanaloana,Chlorophyta,2.7,0.027,-1.568636236,0.164316767,2.3,4.8,2.19089023,0.681241237,18,20-Nov,Shallow,Maui,MHI
HK 73,H. kanaloana,Chlorophyta,2.7,0.027,-1.568636236,0.164316767,2.4,4.9,2.213594362,0.69019608,14,20-Nov,Shallow,Maui,MHI
K30-K,H. kanaloana,Chlorophyta,2.7,0.027,-1.568636236,0.164316767,2.9,5.4,2.323790008,0.73239376,30,21-30,Shallow,Maui,MHI
P20-D,H. kanaloana,Chlorophyta,2.7,0.027,-1.568636236,0.164316767,3.3,5.8,2.408318916,0.763427994,20,20-Nov,Shallow,Maui,MHI
Ha60-9,H. kanaloana,Chlorophyta,2.8,0.028,-1.552841969,0.167332005,-2.4,0.1,0.316227766,-1,18,20-Nov,Shallow,Maui,MHI
HK 26,H. kanaloana,Chlorophyta,2.8,0.028,-1.552841969,0.167332005,-1.5,1,1,0,27,21-30,Shallow,Maui,MHI
HK 64,H. kanaloana,Chlorophyta,2.8,0.028,-1.552841969,0.167332005,1.6,4.1,2.024845673,0.612783857,14,20-Nov,Shallow,Maui,MHI
Ha60-8,H. kanaloana,Chlorophyta,2.8,0.028,-1.552841969,0.167332005,1.8,4.3,2.073644135,0.633468456,18,20-Nov,Shallow,Maui,MHI
HK60-3,H. kanaloana,Chlorophyta,2.8,0.028,-1.552841969,0.167332005,2,4.5,2.121320344,0.653212514,18,20-Nov,Shallow,Maui,MHI
HK 57,H. kanaloana,Chlorophyta,2.8,0.028,-1.552841969,0.167332005,2.1,4.6,2.144761059,0.662757832,14,20-Nov,Shallow,Maui,MHI
HK 61,H. kanaloana,Chlorophyta,2.8,0.028,-1.552841969,0.167332005,2.1,4.6,2.144761059,0.662757832,14,20-Nov,Shallow,Maui,MHI
HK 20-1,H. kanaloana,Chlorophyta,2.8,0.028,-1.552841969,0.167332005,2.2,4.7,2.167948339,0.672097858,20,20-Nov,Shallow,Maui,MHI
HK90-2,H. kanaloana,Chlorophyta,2.8,0.028,-1.552841969,0.167332005,2.6,5.1,2.258317958,0.707570176,27,21-30,Shallow,Maui,MHI
K30-A,H. kanaloana,Chlorophyta,2.8,0.028,-1.552841969,0.167332005,2.6,5.1,2.258317958,0.707570176,30,21-30,Shallow,Maui,MHI
HK 66,H. kanaloana,Chlorophyta,2.9,0.029,-1.537602002,0.170293864,0.5,3,1.732050808,0.477121255,14,20-Nov,Shallow,Maui,MHI
HK 45,H. kanaloana,Chlorophyta,2.9,0.029,-1.537602002,0.170293864,0.6,3.1,1.760681686,0.491361694,14,20-Nov,Shallow,Maui,MHI
HK 48,H. kanaloana,Chlorophyta,2.9,0.029,-1.537602002,0.170293864,1.7,4.2,2.049390153,0.62324929,14,20-Nov,Shallow,Maui,MHI
HK P-2,H. kanaloana,Chlorophyta,2.9,0.029,-1.537602002,0.170293864,1.8,4.3,2.073644135,0.633468456,20,20-Nov,Shallow,Maui,MHI
HK P-3,H. kanaloana,Chlorophyta,2.9,0.029,-1.537602002,0.170293864,1.8,4.3,2.073644135,0.633468456,20,20-Nov,Shallow,Maui,MHI
K20-B,H. kanaloana,Chlorophyta,2.9,0.029,-1.537602002,0.170293864,2,4.5,2.121320344,0.653212514,20,20-Nov,Shallow,Maui,MHI
HK 17,H. kanaloana,Chlorophyta,2.9,0.029,-1.537602002,0.170293864,2.3,4.8,2.19089023,0.681241237,18,20-Nov,Shallow,Maui,MHI
HK90-4,H. kanaloana,Chlorophyta,2.9,0.029,-1.537602002,0.170293864,2.4,4.9,2.213594362,0.69019608,27,21-30,Shallow,Maui,MHI
K30-H,H. kanaloana,Chlorophyta,2.9,0.029,-1.537602002,0.170293864,2.4,4.9,2.213594362,0.69019608,30,21-30,Shallow,Maui,MHI
HK 72,H. kanaloana,Chlorophyta,2.9,0.029,-1.537602002,0.170293864,3.4,5.9,2.42899156,0.770852012,6,10-Jan,Shallow,Maui,MHI
K30-I,H. kanaloana,Chlorophyta,2.9,0.029,-1.537602002,0.170293864,3.4,5.9,2.42899156,0.770852012,30,21-30,Shallow,Maui,MHI
ML3,H. kanaloana,Chlorophyta,2.9,0.029,-1.537602002,0.170293864,3.6,6.1,2.469817807,0.785329835,11,20-Nov,Shallow,Maui,MHI
HK30-1,H. kanaloana,Chlorophyta,2.9,0.029,-1.537602002,0.170293864,5.2,7.7,2.774887385,0.886490725,9,10-Jan,Shallow,Maui,MHI
HK 63,H. kanaloana,Chlorophyta,3,0.03,-1.522878745,0.173205081,1.1,3.6,1.897366596,0.556302501,14,20-Nov,Shallow,Maui,MHI
HK 58,H. kanaloana,Chlorophyta,3,0.03,-1.522878745,0.173205081,1.6,4.1,2.024845673,0.612783857,14,20-Nov,Shallow,Maui,MHI
HK 44,H. kanaloana,Chlorophyta,3,0.03,-1.522878745,0.173205081,2,4.5,2.121320344,0.653212514,14,20-Nov,Shallow,Maui,MHI
HK 20,H. kanaloana,Chlorophyta,3,0.03,-1.522878745,0.173205081,2.2,4.7,2.167948339,0.672097858,18,20-Nov,Shallow,Maui,MHI
HK 30,H. kanaloana,Chlorophyta,3,0.03,-1.522878745,0.173205081,2.2,4.7,2.167948339,0.672097858,27,21-30,Shallow,Maui,MHI
K30-D,H. kanaloana,Chlorophyta,3,0.03,-1.522878745,0.173205081,2.9,5.4,2.323790008,0.73239376,30,21-30,Shallow,Maui,MHI
Ha30-7,H. kanaloana,Chlorophyta,3,0.03,-1.522878745,0.173205081,3,5.5,2.34520788,0.740362689,9,10-Jan,Shallow,Maui,MHI
K30-C,H. kanaloana,Chlorophyta,3,0.03,-1.522878745,0.173205081,3,5.5,2.34520788,0.740362689,30,21-30,Shallow,Maui,MHI
HK 20-3,H. kanaloana,Chlorophyta,3,0.03,-1.522878745,0.173205081,3.3,5.8,2.408318916,0.763427994,20,20-Nov,Shallow,Maui,MHI
P1C,H. kanaloana,Chlorophyta,3,0.03,-1.522878745,0.173205081,4.6,7.1,2.664582519,0.851258349,1,10-Jan,Shallow,Maui,MHI
HK 14,H. kanaloana,Chlorophyta,3.1,0.031,-1.508638306,0.176068169,-0.8,1.7,1.303840481,0.230448921,18,20-Nov,Shallow,Maui,MHI
HK 59,H. kanaloana,Chlorophyta,3.1,0.031,-1.508638306,0.176068169,0.4,2.9,1.702938637,0.462397998,14,20-Nov,Shallow,Maui,MHI
HK 47,H. kanaloana,Chlorophyta,3.1,0.031,-1.508638306,0.176068169,1.1,3.6,1.897366596,0.556302501,14,20-Nov,Shallow,Maui,MHI
HK K 10-1,H. kanaloana,Chlorophyta,3.1,0.031,-1.508638306,0.176068169,2.2,4.7,2.167948339,0.672097858,10,10-Jan,Shallow,Maui,MHI
HK60-1,H. kanaloana,Chlorophyta,3.1,0.031,-1.508638306,0.176068169,2.3,4.8,2.19089023,0.681241237,18,20-Nov,Shallow,Maui,MHI
K30-B,H. kanaloana,Chlorophyta,3.1,0.031,-1.508638306,0.176068169,2.6,5.1,2.258317958,0.707570176,30,21-30,Shallow,Maui,MHI
HK 74,H. kanaloana,Chlorophyta,3.1,0.031,-1.508638306,0.176068169,2.9,5.4,2.323790008,0.73239376,14,20-Nov,Shallow,Maui,MHI
Ha30-6,H. kanaloana,Chlorophyta,3.1,0.031,-1.508638306,0.176068169,3.3,5.8,2.408318916,0.763427994,9,10-Jan,Shallow,Maui,MHI
K20-C,H. kanaloana,Chlorophyta,3.2,0.032,-1.494850022,0.178885438,2,4.5,2.121320344,0.653212514,20,20-Nov,Shallow,Maui,MHI
HK 54,H. kanaloana,Chlorophyta,3.2,0.032,-1.494850022,0.178885438,2.1,4.6,2.144761059,0.662757832,14,20-Nov,Shallow,Maui,MHI
P20-E,H. kanaloana,Chlorophyta,3.2,0.032,-1.494850022,0.178885438,2.3,4.8,2.19089023,0.681241237,20,20-Nov,Shallow,Maui,MHI
P10-A,H. kanaloana,Chlorophyta,3.2,0.032,-1.494850022,0.178885438,2.9,5.4,2.323790008,0.73239376,10,10-Jan,Shallow,Maui,MHI
Hono-3,H. kanaloana,Chlorophyta,3.2,0.032,-1.494850022,0.178885438,3.6,6.1,2.469817807,0.785329835,9,10-Jan,Shallow,Maui,MHI
HK 71,H. kanaloana,Chlorophyta,3.2,0.032,-1.494850022,0.178885438,4.6,7.1,2.664582519,0.851258349,6,10-Jan,Shallow,Maui,MHI
HK 42,H. kanaloana,Chlorophyta,3.3,0.033,-1.48148606,0.181659021,-0.4,2.1,1.449137675,0.322219295,14,20-Nov,Shallow,Maui,MHI
HK 39+69,H. kanaloana,Chlorophyta,3.3,0.033,-1.48148606,0.181659021,1,3.5,1.870828693,0.544068044,2,10-Jan,Shallow,Maui,MHI
HK 19,H. kanaloana,Chlorophyta,3.3,0.033,-1.48148606,0.181659021,1.6,4.1,2.024845673,0.612783857,18,20-Nov,Shallow,Maui,MHI
HK 12,H. kanaloana,Chlorophyta,3.3,0.033,-1.48148606,0.181659021,2.2,4.7,2.167948339,0.672097858,18,20-Nov,Shallow,Maui,MHI
K20-I,H. kanaloana,Chlorophyta,3.3,0.033,-1.48148606,0.181659021,2.9,5.4,2.323790008,0.73239376,20,20-Nov,Shallow,Maui,MHI
HK 51,H. kanaloana,Chlorophyta,3.4,0.034,-1.468521083,0.184390889,0.3,2.8,1.673320053,0.447158031,14,20-Nov,Shallow,Maui,MHI
HK 27,H. kanaloana,Chlorophyta,3.4,0.034,-1.468521083,0.184390889,0.5,3,1.732050808,0.477121255,27,21-30,Shallow,Maui,MHI
P10-C,H. kanaloana,Chlorophyta,3.4,0.034,-1.468521083,0.184390889,1.4,3.9,1.974841766,0.591064607,10,10-Jan,Shallow,Maui,MHI
HK P-4,H. kanaloana,Chlorophyta,3.4,0.034,-1.468521083,0.184390889,2,4.5,2.121320344,0.653212514,20,20-Nov,Shallow,Maui,MHI
HK 68,H. kanaloana,Chlorophyta,3.4,0.034,-1.468521083,0.184390889,2.2,4.7,2.167948339,0.672097858,2,10-Jan,Shallow,Maui,MHI
HK 75,H. kanaloana,Chlorophyta,3.4,0.034,-1.468521083,0.184390889,2.3,4.8,2.19089023,0.681241237,14,20-Nov,Shallow,Maui,MHI
K30-E,H. kanaloana,Chlorophyta,3.4,0.034,-1.468521083,0.184390889,2.3,4.8,2.19089023,0.681241237,30,21-30,Shallow,Maui,MHI
Ha30-10,H. kanaloana,Chlorophyta,3.4,0.034,-1.468521083,0.184390889,2.4,4.9,2.213594362,0.69019608,9,10-Jan,Shallow,Maui,MHI
HK 67,H. kanaloana,Chlorophyta,3.5,0.035,-1.455931956,0.187082869,0.4,2.9,1.702938637,0.462397998,2,10-Jan,Shallow,Maui,MHI
HK 53,H. kanaloana,Chlorophyta,3.5,0.035,-1.455931956,0.187082869,1.8,4.3,2.073644135,0.633468456,14,20-Nov,Shallow,Maui,MHI
HK 56,H. kanaloana,Chlorophyta,3.5,0.035,-1.455931956,0.187082869,1.8,4.3,2.073644135,0.633468456,14,20-Nov,Shallow,Maui,MHI
HK 62,H. kanaloana,Chlorophyta,3.5,0.035,-1.455931956,0.187082869,1.8,4.3,2.073644135,0.633468456,14,20-Nov,Shallow,Maui,MHI
K30-L,H. kanaloana,Chlorophyta,3.5,0.035,-1.455931956,0.187082869,2.3,4.8,2.19089023,0.681241237,30,21-30,Shallow,Maui,MHI
HK L-5,H. kanaloana,Chlorophyta,3.5,0.035,-1.455931956,0.187082869,3.4,5.9,2.42899156,0.770852012,20,20-Nov,Shallow,Maui,MHI
Hono-6,H. kanaloana,Chlorophyta,3.6,0.036,-1.443697499,0.18973666,-1.1,1.4,1.183215957,0.146128036,18,20-Nov,Shallow,Maui,MHI
HK 13,H. kanaloana,Chlorophyta,3.6,0.036,-1.443697499,0.18973666,1.6,4.1,2.024845673,0.612783857,18,20-Nov,Shallow,Maui,MHI
HK K 20-1,H. kanaloana,Chlorophyta,3.6,0.036,-1.443697499,0.18973666,1.8,4.3,2.073644135,0.633468456,20,20-Nov,Shallow,Maui,MHI
P20-B,H. kanaloana,Chlorophyta,3.6,0.036,-1.443697499,0.18973666,2.6,5.1,2.258317958,0.707570176,20,20-Nov,Shallow,Maui,MHI
HK30-5,H. kanaloana,Chlorophyta,3.6,0.036,-1.443697499,0.18973666,3.1,5.6,2.366431913,0.748188027,9,10-Jan,Shallow,Maui,MHI
P1A,H. kanaloana,Chlorophyta,3.6,0.036,-1.443697499,0.18973666,3.8,6.3,2.50998008,0.799340549,1,10-Jan,Shallow,Maui,MHI
HK 60,H. kanaloana,Chlorophyta,3.7,0.037,-1.431798276,0.192353841,2.2,4.7,2.167948339,0.672097858,14,20-Nov,Shallow,Maui,MHI
HK K 10-4,H. kanaloana,Chlorophyta,3.7,0.037,-1.431798276,0.192353841,3.1,5.6,2.366431913,0.748188027,10,10-Jan,Shallow,Maui,MHI
HK K 10-5,H. kanaloana,Chlorophyta,3.7,0.037,-1.431798276,0.192353841,3.2,5.7,2.387467277,0.755874856,10,10-Jan,Shallow,Maui,MHI
K210-3,H. kanaloana,Chlorophyta,3.8,0.038,-1.420216403,0.194935887,2.8,5.3,2.302172887,0.72427587,10,10-Jan,Shallow,Maui,MHI
P1F,H. kanaloana,Chlorophyta,3.9,0.039,-1.408935393,0.197484177,3,5.5,2.34520788,0.740362689,1,10-Jan,Shallow,Maui,MHI
HK 2,H. kanaloana,Chlorophyta,4,0.04,-1.397940009,0.2,1.9,4.4,2.097617696,0.643452676,18,20-Nov,Shallow,Maui,MHI
Hono-9,H. kanaloana,Chlorophyta,4,0.04,-1.397940009,0.2,2.7,5.2,2.28035085,0.716003344,18,20-Nov,Shallow,Maui,MHI
HK K 10-2,H. kanaloana,Chlorophyta,4,0.04,-1.397940009,0.2,3,5.5,2.34520788,0.740362689,10,10-Jan,Shallow,Maui,MHI
HK 46,H. kanaloana,Chlorophyta,4.1,0.041,-1.387216143,0.202484567,1.6,4.1,2.024845673,0.612783857,14,20-Nov,Shallow,Maui,MHI
HK K 10-3,H. kanaloana,Chlorophyta,4.1,0.041,-1.387216143,0.202484567,3.5,6,2.449489743,0.77815125,10,10-Jan,Shallow,Maui,MHI
HK L-1,H. kanaloana,Chlorophyta,4.2,0.042,-1.37675071,0.204939015,1.4,3.9,1.974841766,0.591064607,20,20-Nov,Shallow,Maui,MHI
K20-D,H. kanaloana,Chlorophyta,4.6,0.046,-1.337242168,0.214476106,-0.3,2.2,1.483239697,0.342422681,20,20-Nov,Shallow,Maui,MHI
P1B,H. kanaloana,Chlorophyta,4.6,0.046,-1.337242168,0.214476106,5.2,7.7,2.774887385,0.886490725,1,10-Jan,Shallow,Maui,MHI
HK 55,H. kanaloana,Chlorophyta,5.2,0.052,-1.283996656,0.228035085,1.8,4.3,2.073644135,0.633468456,14,20-Nov,Shallow,Maui,MHI
NWHI-419,Dasya ,Rhodophyta,0.8,0.008,-2.096910013,0.089442719,2.8,5.3,2.302172887,0.72427587,52,51-60,Mesophotic,Kure,NWHI
NWHI-393,Dasya ,Rhodophyta,1.1,0.011,-1.958607315,0.104880885,2.9,5.4,2.323790008,0.73239376,91,91-100,Mesophotic,Kure,NWHI
NWHI-424,Dasya ,Rhodophyta,1.3,0.013,-1.886056648,0.114017543,5,7.5,2.738612788,0.875061263,91,91-100,Mesophotic,Kure,NWHI
NWHI-420,Dasya ,Rhodophyta,1.5,0.015,-1.823908741,0.122474487,4.4,6.9,2.626785107,0.838849091,90,81-90,Mesophotic,Kure,NWHI
NWHI-386,Dasya ,Rhodophyta,2,0.02,-1.698970004,0.141421356,4.8,7.3,2.701851217,0.86332286,57,51-60,Mesophotic,Kure,NWHI
NWHI-268-a,Dasya ,Rhodophyta,1.1,0.011,-1.958607315,0.104880885,3.6,6.1,2.469817807,0.785329835,84,81-90,Mesophotic,Lisianski,NWHI
NWHI-693c,Dasya ,Rhodophyta,2.1,0.021,-1.677780705,0.144913767,3.6,6.1,2.469817807,0.785329835,30,21-30,Shallow,Lisianski,NWHI
NWHI-693b,Dasya ,Rhodophyta,2.2,0.022,-1.657577319,0.14832397,3.3,5.8,2.408318916,0.763427994,30,21-30,Shallow,Lisianski,NWHI
NWHI-693a,Dasya ,Rhodophyta,2.3,0.023,-1.638272164,0.151657509,3.2,5.7,2.387467277,0.755874856,30,21-30,Shallow,Lisianski,NWHI
NWHI-275,Dasya ,Rhodophyta,1.1,0.011,-1.958607315,0.104880885,6.3,8.8,2.966479395,0.944482672,55,51-60,Mesophotic,Pearl & Hermes,NWHI
NWHI-378,Dasya ,Rhodophyta,1.9,0.019,-1.721246399,0.137840488,5.4,7.9,2.810693865,0.897627091,70,61-70,Mesophotic,Pearl & Hermes,NWHI
NWHI-79,Dasya ,Rhodophyta,3.6,0.036,-1.443697499,0.18973666,3.9,6.4,2.529822128,0.806179974,58,51-60,Mesophotic,Pearl & Hermes,NWHI
NWHI-363,Dasya ,Rhodophyta,2.4,0.024,-1.619788758,0.154919334,4.8,7.3,2.701851217,0.86332286,79,71-80,Mesophotic,Pioneer,NWHI
NWHI-432,Dasya ,Rhodophyta,1.1,0.011,-1.958607315,0.104880885,4.9,7.4,2.720294102,0.86923172,91,91-100,Mesophotic,Salmon,NWHI
NWHI-437,Dasya ,Rhodophyta,2.2,0.022,-1.657577319,0.14832397,2.7,5.2,2.28035085,0.716003344,91,91-100,Mesophotic,Salmon,NWHI
NWHI-175-1,Caulerpa ,Chlorophyta,1.8,0.018,-1.744727495,0.134164079,4.3,6.8,2.607680962,0.832508913,63,61-70,Mesophotic,FFS,NWHI
NWHI-333,Caulerpa ,Chlorophyta,2.9,0.029,-1.537602002,0.170293864,4,6.5,2.549509757,0.812913357,69,61-70,Mesophotic,FFS,NWHI
NWHI-200-1,Caulerpa ,Chlorophyta,1.8,0.018,-1.744727495,0.134164079,3.3,5.8,2.408318916,0.763427994,58,51-60,Mesophotic,Laysan,NWHI
NWHI-694c,Caulerpa ,Chlorophyta,1.7,0.017,-1.769551079,0.130384048,3.6,6.1,2.469817807,0.785329835,30,21-30,Shallow,Lisianski,NWHI
NWHI-694b,Caulerpa ,Chlorophyta,1.8,0.018,-1.744727495,0.134164079,3.4,5.9,2.42899156,0.770852012,30,21-30,Shallow,Lisianski,NWHI
NWHI-694a,Caulerpa ,Chlorophyta,1.8,0.018,-1.744727495,0.134164079,3.9,6.4,2.529822128,0.806179974,30,21-30,Shallow,Lisianski,NWHI
NWHI-1043a,Caulerpa ,Chlorophyta,1.9,0.019,-1.721246399,0.137840488,3.9,6.4,2.529822128,0.806179974,75,71-80,Mesophotic,Pearl & Hermes,NWHI
NWHI-1043b,Caulerpa ,Chlorophyta,2.1,0.021,-1.677780705,0.144913767,5.2,7.7,2.774887385,0.886490725,75,71-80,Mesophotic,Pearl & Hermes,NWHI
NWHI-376,Caulerpa ,Chlorophyta,2.2,0.022,-1.657577319,0.14832397,4.8,7.3,2.701851217,0.86332286,70,61-70,Mesophotic,Pearl & Hermes,NWHI
NWHI-1043c,Caulerpa ,Chlorophyta,2.4,0.024,-1.619788758,0.154919334,5.2,7.7,2.774887385,0.886490725,75,71-80,Mesophotic,Pearl & Hermes,NWHI
NWHI-466,Caulerpa ,Chlorophyta,2.3,0.023,-1.638272164,0.151657509,2.4,4.9,2.213594362,0.69019608,54,51-60,Mesophotic,Pioneer,NWHI
AV-15C,Avrainvillea ,Chlorophyta,3.6,0.036,-1.443697499,0.18973666,1.3,3.8,1.949358869,0.579783597,61,61-70,Mesophotic,Oahu,MHI
AV-16A,Avrainvillea ,Chlorophyta,3.7,0.037,-1.431798276,0.192353841,1.7,4.2,2.049390153,0.62324929,61,61-70,Mesophotic,Oahu,MHI
D1 AE,Avrainvillea ,Chlorophyta,3.7,0.037,-1.431798276,0.192353841,2.7,5.2,2.28035085,0.716003344,60,51-60,Mesophotic,Oahu,MHI
D1 AB,Avrainvillea ,Chlorophyta,3.7,0.037,-1.431798276,0.192353841,3,5.5,2.34520788,0.740362689,60,51-60,Mesophotic,Oahu,MHI
P4-188 AV2,Avrainvillea ,Chlorophyta,3.9,0.039,-1.408935393,0.197484177,1.5,4,2,0.602059991,51,51-60,Mesophotic,Oahu,MHI
D1 AC,Avrainvillea ,Chlorophyta,3.9,0.039,-1.408935393,0.197484177,2.2,4.7,2.167948339,0.672097858,60,51-60,Mesophotic,Oahu,MHI
P4-188 AV3,Avrainvillea ,Chlorophyta,4,0.04,-1.397940009,0.2,0.9,3.4,1.843908891,0.531478917,51,51-60,Mesophotic,Oahu,MHI
K-AV5,Avrainvillea ,Chlorophyta,4,0.04,-1.397940009,0.2,1,3.5,1.870828693,0.544068044,38,31-40,Mesophotic,Oahu,MHI
P4-188 AV6,Avrainvillea ,Chlorophyta,4.1,0.041,-1.387216143,0.202484567,1.5,4,2,0.602059991,51,51-60,Mesophotic,Oahu,MHI
K-AV7,Avrainvillea ,Chlorophyta,4.1,0.041,-1.387216143,0.202484567,1.7,4.2,2.049390153,0.62324929,38,31-40,Mesophotic,Oahu,MHI
D1 AF,Avrainvillea ,Chlorophyta,4.1,0.041,-1.387216143,0.202484567,1.7,4.2,2.049390153,0.62324929,60,51-60,Mesophotic,Oahu,MHI
AV61212,Avrainvillea ,Chlorophyta,4.1,0.041,-1.387216143,0.202484567,2.3,4.8,2.19089023,0.681241237,48,41-50,Mesophotic,Oahu,MHI
AV-15B,Avrainvillea ,Chlorophyta,4.2,0.042,-1.37675071,0.204939015,0.6,3.1,1.760681686,0.491361694,61,61-70,Mesophotic,Oahu,MHI
AV-18C,Avrainvillea ,Chlorophyta,4.2,0.042,-1.37675071,0.204939015,1,3.5,1.870828693,0.544068044,67,61-70,Mesophotic,Oahu,MHI
AV-16B,Avrainvillea ,Chlorophyta,4.2,0.042,-1.37675071,0.204939015,1.5,4,2,0.602059991,61,61-70,Mesophotic,Oahu,MHI
AV-16C,Avrainvillea ,Chlorophyta,4.2,0.042,-1.37675071,0.204939015,1.7,4.2,2.049390153,0.62324929,61,61-70,Mesophotic,Oahu,MHI
D1 AD,Avrainvillea ,Chlorophyta,4.2,0.042,-1.37675071,0.204939015,2.1,4.6,2.144761059,0.662757832,60,51-60,Mesophotic,Oahu,MHI
K-AV1,Avrainvillea ,Chlorophyta,4.3,0.043,-1.366531544,0.207364414,1.3,3.8,1.949358869,0.579783597,38,31-40,Mesophotic,Oahu,MHI
AV-18B,Avrainvillea ,Chlorophyta,4.3,0.043,-1.366531544,0.207364414,1.5,4,2,0.602059991,67,61-70,Mesophotic,Oahu,MHI
AV686,Avrainvillea ,Chlorophyta,4.3,0.043,-1.366531544,0.207364414,1.7,4.2,2.049390153,0.62324929,40,31-40,Mesophotic,Oahu,MHI
AV6127,Avrainvillea ,Chlorophyta,4.3,0.043,-1.366531544,0.207364414,2.2,4.7,2.167948339,0.672097858,48,41-50,Mesophotic,Oahu,MHI
D1 AA,Avrainvillea ,Chlorophyta,4.3,0.043,-1.366531544,0.207364414,2.8,5.3,2.302172887,0.72427587,60,51-60,Mesophotic,Oahu,MHI
AV61211,Avrainvillea ,Chlorophyta,4.4,0.044,-1.356547324,0.20976177,1.3,3.8,1.949358869,0.579783597,48,41-50,Mesophotic,Oahu,MHI
AV-15A,Avrainvillea ,Chlorophyta,4.5,0.045,-1.346787486,0.212132034,-0.1,2.4,1.549193338,0.380211242,61,61-70,Mesophotic,Oahu,MHI
K-AV2,Avrainvillea ,Chlorophyta,4.5,0.045,-1.346787486,0.212132034,0.3,2.8,1.673320053,0.447158031,38,31-40,Mesophotic,Oahu,MHI
AV-18A,Avrainvillea ,Chlorophyta,4.5,0.045,-1.346787486,0.212132034,0.8,3.3,1.816590212,0.51851394,67,61-70,Mesophotic,Oahu,MHI
AV666,Avrainvillea ,Chlorophyta,4.5,0.045,-1.346787486,0.212132034,1,3.5,1.870828693,0.544068044,40,31-40,Mesophotic,Oahu,MHI
AV667,Avrainvillea ,Chlorophyta,4.5,0.045,-1.346787486,0.212132034,1.7,4.2,2.049390153,0.62324929,40,31-40,Mesophotic,Oahu,MHI
AV697,Avrainvillea ,Chlorophyta,4.5,0.045,-1.346787486,0.212132034,1.8,4.3,2.073644135,0.633468456,40,31-40,Mesophotic,Oahu,MHI
P4-188 AV4,Avrainvillea ,Chlorophyta,4.6,0.046,-1.337242168,0.214476106,1,3.5,1.870828693,0.544068044,51,51-60,Mesophotic,Oahu,MHI
AV6128,Avrainvillea ,Chlorophyta,4.6,0.046,-1.337242168,0.214476106,1.7,4.2,2.049390153,0.62324929,48,41-50,Mesophotic,Oahu,MHI
K-AV3,Avrainvillea ,Chlorophyta,4.6,0.046,-1.337242168,0.214476106,2.2,4.7,2.167948339,0.672097858,38,31-40,Mesophotic,Oahu,MHI
P4-188 AV5,Avrainvillea ,Chlorophyta,4.7,0.047,-1.327902142,0.216794834,0.6,3.1,1.760681686,0.491361694,51,51-60,Mesophotic,Oahu,MHI
AV687,Avrainvillea ,Chlorophyta,4.7,0.047,-1.327902142,0.216794834,1.3,3.8,1.949358869,0.579783597,40,31-40,Mesophotic,Oahu,MHI
AV682,Avrainvillea ,Chlorophyta,4.7,0.047,-1.327902142,0.216794834,1.4,3.9,1.974841766,0.591064607,40,31-40,Mesophotic,Oahu,MHI
AV696,Avrainvillea ,Chlorophyta,4.7,0.047,-1.327902142,0.216794834,1.5,4,2,0.602059991,40,31-40,Mesophotic,Oahu,MHI
AV691,Avrainvillea ,Chlorophyta,4.7,0.047,-1.327902142,0.216794834,1.6,4.1,2.024845673,0.612783857,40,31-40,Mesophotic,Oahu,MHI
AV692,Avrainvillea ,Chlorophyta,4.7,0.047,-1.327902142,0.216794834,1.9,4.4,2.097617696,0.643452676,40,31-40,Mesophotic,Oahu,MHI
P4-188 AV1,Avrainvillea ,Chlorophyta,4.8,0.048,-1.318758763,0.219089023,0.9,3.4,1.843908891,0.531478917,51,51-60,Mesophotic,Oahu,MHI
K-AV4,Avrainvillea ,Chlorophyta,4.8,0.048,-1.318758763,0.219089023,1.4,3.9,1.974841766,0.591064607,38,31-40,Mesophotic,Oahu,MHI
AV684,Avrainvillea ,Chlorophyta,4.9,0.049,-1.30980392,0.221359436,1.2,3.7,1.923538406,0.568201724,40,31-40,Mesophotic,Oahu,MHI
K-AV6,Avrainvillea ,Chlorophyta,4.9,0.049,-1.30980392,0.221359436,1.9,4.4,2.097617696,0.643452676,38,31-40,Mesophotic,Oahu,MHI
AV681,Avrainvillea ,Chlorophyta,5,0.05,-1.301029996,0.223606798,1.2,3.7,1.923538406,0.568201724,40,31-40,Mesophotic,Oahu,MHI
AV 90A,Avrainvillea ,Chlorophyta,5.1,0.051,-1.292429824,0.225831796,1.2,3.7,1.923538406,0.568201724,38,31-40,Mesophotic,Oahu,MHI
AV668,Avrainvillea ,Chlorophyta,5.1,0.051,-1.292429824,0.225831796,1.2,3.7,1.923538406,0.568201724,40,31-40,Mesophotic,Oahu,MHI
AV 90B,Avrainvillea ,Chlorophyta,5.2,0.052,-1.283996656,0.228035085,0.8,3.3,1.816590212,0.51851394,38,31-40,Mesophotic,Oahu,MHI
AV6122,Avrainvillea ,Chlorophyta,5.2,0.052,-1.283996656,0.228035085,1.4,3.9,1.974841766,0.591064607,48,41-50,Mesophotic,Oahu,MHI
AV6121,Avrainvillea ,Chlorophyta,5.2,0.052,-1.283996656,0.228035085,1.5,4,2,0.602059991,48,41-50,Mesophotic,Oahu,MHI
AV6125,Avrainvillea ,Chlorophyta,5.3,0.053,-1.27572413,0.230217289,0.7,3.2,1.788854382,0.505149978,48,41-50,Mesophotic,Oahu,MHI
AV 90C,Avrainvillea ,Chlorophyta,5.3,0.053,-1.27572413,0.230217289,1,3.5,1.870828693,0.544068044,38,31-40,Mesophotic,Oahu,MHI
AV661,Avrainvillea ,Chlorophyta,5.3,0.053,-1.27572413,0.230217289,1.1,3.6,1.897366596,0.556302501,40,31-40,Mesophotic,Oahu,MHI
AV61213,Avrainvillea ,Chlorophyta,5.3,0.053,-1.27572413,0.230217289,1.2,3.7,1.923538406,0.568201724,48,41-50,Mesophotic,Oahu,MHI
AV6124,Avrainvillea ,Chlorophyta,5.3,0.053,-1.27572413,0.230217289,1.5,4,2,0.602059991,48,41-50,Mesophotic,Oahu,MHI
AV685,Avrainvillea ,Chlorophyta,5.3,0.053,-1.27572413,0.230217289,1.6,4.1,2.024845673,0.612783857,40,31-40,Mesophotic,Oahu,MHI
AV6129,Avrainvillea ,Chlorophyta,5.4,0.054,-1.26760624,0.232379001,0.9,3.4,1.843908891,0.531478917,48,41-50,Mesophotic,Oahu,MHI
AV6123,Avrainvillea ,Chlorophyta,5.4,0.054,-1.26760624,0.232379001,1,3.5,1.870828693,0.544068044,48,41-50,Mesophotic,Oahu,MHI
AV699,Avrainvillea ,Chlorophyta,5.4,0.054,-1.26760624,0.232379001,1.1,3.6,1.897366596,0.556302501,40,31-40,Mesophotic,Oahu,MHI
AV694,Avrainvillea ,Chlorophyta,5.4,0.054,-1.26760624,0.232379001,1.4,3.9,1.974841766,0.591064607,40,31-40,Mesophotic,Oahu,MHI
AV6126,Avrainvillea ,Chlorophyta,5.5,0.055,-1.259637311,0.234520788,1.1,3.6,1.897366596,0.556302501,48,41-50,Mesophotic,Oahu,MHI
AV683,Avrainvillea ,Chlorophyta,5.5,0.055,-1.259637311,0.234520788,1.2,3.7,1.923538406,0.568201724,40,31-40,Mesophotic,Oahu,MHI
AV61210,Avrainvillea ,Chlorophyta,5.7,0.057,-1.244125144,0.238746728,1.2,3.7,1.923538406,0.568201724,48,41-50,Mesophotic,Oahu,MHI
AV WE2,Avrainvillea ,Chlorophyta,2.2,0.022,-1.657577319,0.14832397,2.4,4.9,2.213594362,0.69019608,intertidal,0,Shallow,Oahu,MHI
OP-AV4,Avrainvillea ,Chlorophyta,2.4,0.024,-1.619788758,0.154919334,-0.5,2,1.414213562,0.301029996,18,20-Nov,Shallow,Oahu,MHI
AV2 C6b,Avrainvillea ,Chlorophyta,2.4,0.024,-1.619788758,0.154919334,1.5,4,2,0.602059991,intertidal,0,Shallow,Oahu,MHI
AV2 C6a,Avrainvillea ,Chlorophyta,2.4,0.024,-1.619788758,0.154919334,1.6,4.1,2.024845673,0.612783857,intertidal,0,Shallow,Oahu,MHI
AV2 SE5a,Avrainvillea ,Chlorophyta,2.5,0.025,-1.602059991,0.158113883,0.4,2.9,1.702938637,0.462397998,intertidal,0,Shallow,Oahu,MHI
AV2 WE3,Avrainvillea ,Chlorophyta,2.7,0.027,-1.568636236,0.164316767,0.9,3.4,1.843908891,0.531478917,intertidal,0,Shallow,Oahu,MHI
AV2 SE2,Avrainvillea ,Chlorophyta,2.7,0.027,-1.568636236,0.164316767,1.1,3.6,1.897366596,0.556302501,intertidal,0,Shallow,Oahu,MHI
AV SEC1,Avrainvillea ,Chlorophyta,2.7,0.027,-1.568636236,0.164316767,2.8,5.3,2.302172887,0.72427587,intertidal,0,Shallow,Oahu,MHI
AV C2,Avrainvillea ,Chlorophyta,2.8,0.028,-1.552841969,0.167332005,3.2,5.7,2.387467277,0.755874856,intertidal,0,Shallow,Oahu,MHI
AV 73-3,Avrainvillea ,Chlorophyta,2.9,0.029,-1.537602002,0.170293864,0.2,2.7,1.643167673,0.431363764,30,21-30,Shallow,Oahu,MHI
AV2 C4,Avrainvillea ,Chlorophyta,2.9,0.029,-1.537602002,0.170293864,0.5,3,1.732050808,0.477121255,intertidal,0,Shallow,Oahu,MHI
AV C6,Avrainvillea ,Chlorophyta,2.9,0.029,-1.537602002,0.170293864,2.6,5.1,2.258317958,0.707570176,intertidal,0,Shallow,Oahu,MHI
AV2 C1,Avrainvillea ,Chlorophyta,3,0.03,-1.522878745,0.173205081,0.9,3.4,1.843908891,0.531478917,intertidal,0,Shallow,Oahu,MHI
AV2 C2,Avrainvillea ,Chlorophyta,3,0.03,-1.522878745,0.173205081,0.9,3.4,1.843908891,0.531478917,intertidal,0,Shallow,Oahu,MHI
AV WE3,Avrainvillea ,Chlorophyta,3,0.03,-1.522878745,0.173205081,1.9,4.4,2.097617696,0.643452676,intertidal,0,Shallow,Oahu,MHI
Av 34a,Avrainvillea ,Chlorophyta,3,0.03,-1.522878745,0.173205081,2.2,4.7,2.167948339,0.672097858,24,21-30,Shallow,Oahu,MHI
AV SE5,Avrainvillea ,Chlorophyta,3.1,0.031,-1.508638306,0.176068169,0.3,2.8,1.673320053,0.447158031,intertidal,0,Shallow,Oahu,MHI
AV 73-1,Avrainvillea ,Chlorophyta,3.1,0.031,-1.508638306,0.176068169,0.9,3.4,1.843908891,0.531478917,30,21-30,Shallow,Oahu,MHI
AV2 C3,Avrainvillea ,Chlorophyta,3.1,0.031,-1.508638306,0.176068169,1,3.5,1.870828693,0.544068044,intertidal,0,Shallow,Oahu,MHI
AV SEC5,Avrainvillea ,Chlorophyta,3.1,0.031,-1.508638306,0.176068169,1.9,4.4,2.097617696,0.643452676,intertidal,0,Shallow,Oahu,MHI
AV WE1,Avrainvillea ,Chlorophyta,3.1,0.031,-1.508638306,0.176068169,1.9,4.4,2.097617696,0.643452676,intertidal,0,Shallow,Oahu,MHI
AV WE5,Avrainvillea ,Chlorophyta,3.1,0.031,-1.508638306,0.176068169,2.2,4.7,2.167948339,0.672097858,intertidal,0,Shallow,Oahu,MHI
OP-AV1,Avrainvillea ,Chlorophyta,3.1,0.031,-1.508638306,0.176068169,2.6,5.1,2.258317958,0.707570176,18,20-Nov,Shallow,Oahu,MHI
AV2 SE1,Avrainvillea ,Chlorophyta,3.2,0.032,-1.494850022,0.178885438,-1.6,0.9,0.948683298,-0.045757491,intertidal,0,Shallow,Oahu,MHI
AV2 WE4a,Avrainvillea ,Chlorophyta,3.2,0.032,-1.494850022,0.178885438,0.6,3.1,1.760681686,0.491361694,intertidal,0,Shallow,Oahu,MHI
AV2 WE4b,Avrainvillea ,Chlorophyta,3.2,0.032,-1.494850022,0.178885438,0.7,3.2,1.788854382,0.505149978,intertidal,0,Shallow,Oahu,MHI
AV C3,Avrainvillea ,Chlorophyta,3.2,0.032,-1.494850022,0.178885438,1.5,4,2,0.602059991,intertidal,0,Shallow,Oahu,MHI
AV SE2,Avrainvillea ,Chlorophyta,3.3,0.033,-1.48148606,0.181659021,0.6,3.1,1.760681686,0.491361694,intertidal,0,Shallow,Oahu,MHI
AV 73-2,Avrainvillea ,Chlorophyta,3.3,0.033,-1.48148606,0.181659021,1.3,3.8,1.949358869,0.579783597,30,21-30,Shallow,Oahu,MHI
AV2 WE2,Avrainvillea ,Chlorophyta,3.4,0.034,-1.468521083,0.184390889,0.3,2.8,1.673320053,0.447158031,intertidal,0,Shallow,Oahu,MHI
AV2 C5,Avrainvillea ,Chlorophyta,3.4,0.034,-1.468521083,0.184390889,0.7,3.2,1.788854382,0.505149978,intertidal,0,Shallow,Oahu,MHI
AV2 SE4,Avrainvillea ,Chlorophyta,3.4,0.034,-1.468521083,0.184390889,1.1,3.6,1.897366596,0.556302501,intertidal,0,Shallow,Oahu,MHI
OP-AV2,Avrainvillea ,Chlorophyta,3.4,0.034,-1.468521083,0.184390889,1.2,3.7,1.923538406,0.568201724,18,20-Nov,Shallow,Oahu,MHI
AV SE3,Avrainvillea ,Chlorophyta,3.5,0.035,-1.455931956,0.187082869,-1.7,0.8,0.894427191,-0.096910013,intertidal,0,Shallow,Oahu,MHI
AV2 SE3,Avrainvillea ,Chlorophyta,3.5,0.035,-1.455931956,0.187082869,-0.1,2.4,1.549193338,0.380211242,intertidal,0,Shallow,Oahu,MHI
OP-AV3,Avrainvillea ,Chlorophyta,3.5,0.035,-1.455931956,0.187082869,1.5,4,2,0.602059991,18,20-Nov,Shallow,Oahu,MHI
OP-AV5,Avrainvillea ,Chlorophyta,3.5,0.035,-1.455931956,0.187082869,1.6,4.1,2.024845673,0.612783857,18,20-Nov,Shallow,Oahu,MHI
AV2 WE1,Avrainvillea ,Chlorophyta,3.6,0.036,-1.443697499,0.18973666,0.5,3,1.732050808,0.477121255,intertidal,0,Shallow,Oahu,MHI
AV 89B,Avrainvillea ,Chlorophyta,3.6,0.036,-1.443697499,0.18973666,0.9,3.4,1.843908891,0.531478917,20,20-Nov,Shallow,Oahu,MHI
Av 34c,Avrainvillea ,Chlorophyta,3.7,0.037,-1.431798276,0.192353841,1.7,4.2,2.049390153,0.62324929,24,21-30,Shallow,Oahu,MHI
AV 89C,Avrainvillea ,Chlorophyta,4.7,0.047,-1.327902142,0.216794834,1.2,3.7,1.923538406,0.568201724,20,20-Nov,Shallow,Oahu,MHI
